ConfigID,run,performance,predictedPerformance,CPUtime,ChallengerExpectedBetter
0x55960A,0,22.0394,0.876024799498747,0.34105000000000274,true
0x55960A,1,18.0025,3.5374799942564743,0.34635899999999964,true
0x55D7B8,0,22.0394,1.4540840185359232,0.36763100000001003,true
0x55D7B8,1,11.025,1.7867387719298247,0.3731869999999944,true
0x55D7B8,2,18.0025,2.311531003550543,0.37833599999999734,true
0x55A218,0,22.0394,0.876024799498747,0.3965600000000009,true
0x55A218,1,9.3859,1.0891592825814538,0.402351000000003,true
0x55A218,2,11.025,1.3562553684210528,0.4079139999999981,true
0x55A218,3,18.0025,3.5374799942564743,0.4143139999999974,true
0x560337,0,18.0025,2.225538387531328,0.756017000000007,true
0x560337,1,11.025,1.1150288071741856,0.7612059999999943,true
0x560337,2,9.3859,1.2204357912489556,0.7662649999999971,true
0x560337,3,22.0394,1.5593816787280705,0.7726720000000071,true
0x560337,4,10.2742,1.2404290055346698,0.7784669999999991,true
0x564DA6,0,10.2742,2.3440667819548873,0.7965830000000054,true
0x564DA6,1,28.4449,3.532357566416041,0.8016560000000013,true
0x564DA6,2,9.3859,2.2595481557017543,0.8068039999999925,true
0x567678,0,11.025,2.6428036994569757,1.0810789999999955,true
0x567678,1,10.2742,1.1282892050438595,1.0863230000000001,true
0x567678,2,18.0025,3.5854473026315787,1.0912080000000017,true
0x567678,3,36.6093,2.8735479908625727,1.0968280000000092,true
0x567678,4,22.0394,1.070614034461153,1.1019899999999936,true
0x567678,5,28.4449,2.3116939046052627,1.1078950000000063,true
0x567678,6,9.3859,1.1819058863304093,1.114604000000007,true
0x56C378,0,18.0025,2.910021997076023,1.134091000000005,true
0x56C378,1,22.0394,2.3492807328216374,1.1389040000000037,true
0x56C378,2,36.6093,4.842892389097744,1.1439039999999991,true
0x56C378,3,11.025,2.5696712054093567,1.1488730000000018,true
0x56C378,4,9.3859,1.4765613356307434,1.1548960000000008,true
0x56C378,5,28.4449,2.454899616854637,1.1629859999999965,true
0x56C378,6,17.1866,1.3133124772347538,1.1699199999999976,true
0x56C378,7,10.2742,1.4816916444757728,1.175536000000001,true
0x56EDB8,0,17.1866,2.685966833907686,1.5206540000000004,true
0x56EDB8,1,22.0394,2.6824856430137842,1.5256649999999965,true
0x56EDB8,2,28.4449,3.492279053101504,1.5304999999999964,true
0x56EDB8,3,10.1507,2.8898506884398496,1.5358980000000102,true
0x56EDB8,4,9.3859,2.9402526690685047,1.5413110000000003,true
0x56EDB8,5,11.025,3.104625740131579,1.547015000000009,true
0x56EDB8,6,10.2742,2.8676928467000833,1.553721000000003,true
0x56EDB8,7,36.6093,3.6395360192669175,1.5595970000000037,true
0x56EDB8,8,18.0025,3.5169387382518806,1.5653810000000092,true
0x5739B3,0,9.3859,1.6214659102965747,1.5845619999999982,true
0x5739B3,1,10.1507,1.6624087713554718,1.5899649999999994,true
0x5739B3,2,10.2742,1.5839517425856309,1.5954529999999991,true
0x5739B3,3,18.1735,2.2962349707602336,1.6021359999999945,true
0x5739B3,4,17.1866,1.4522885358709272,1.6076229999999967,true
0x5739B3,5,18.0025,2.4086923830409352,1.613470999999997,true
0x5739B3,6,22.0394,1.4253116350250628,1.619341999999996,true
0x5739B3,7,28.4449,1.618497202380952,1.6246510000000072,true
0x5739B3,8,11.025,1.7443424248120305,1.6302140000000023,true
0x5739B3,9,36.6093,2.180917268170426,1.6352910000000023,true
0x577A4D,0,11.025,3.9188873151629076,1.8996579999999952,true
0x577A4D,1,28.4449,3.875498572472849,1.9047629999999955,true
0x577A4D,2,34.7178,4.324255251670844,1.9099739999999983,true
0x577A4D,3,18.1735,4.032022934680452,1.9158140000000046,true
0x577A4D,4,17.1866,3.640535867794486,1.922376000000007,true
0x577A4D,5,22.0394,3.6877035914786966,1.9282839999999979,true
0x577A4D,6,18.0025,4.142766355733083,1.9333090000000013,true
0x577A4D,7,10.1507,3.731439603383459,1.9383410000000012,true
0x577A4D,8,9.3859,3.6352940591060987,1.9434710000000095,true
0x577A4D,9,10.2742,3.6720571397243114,1.948701000000007,true
0x577A4D,10,36.6093,4.6738683077485375,1.9542800000000042,true
0x57B021,0,10.2742,1.2005853508771929,1.979937999999997,true
0x57B021,1,22.0394,2.368139511695906,1.9851009999999931,true
0x57B021,2,11.025,1.3357859978070175,1.9901370000000114,true
0x57B021,3,17.1866,1.3344209868421055,1.99572899999999,true
0x57B021,4,18.1735,2.1401459401629075,2.001384999999992,true
0x57B021,5,9.3859,1.242234298245614,2.007252000000001,true
0x57B021,6,36.6093,4.897450951336674,2.0124569999999906,true
0x57B021,7,28.4449,4.005045300751879,2.018111999999995,true
0x57B021,8,18.0025,2.09208133489975,2.024149999999999,true
0x57B021,9,10.1507,1.1984954495614035,2.0299280000000053,true
0x57B021,10,13.1219,1.049889625,2.0353270000000023,true
0x57B021,11,34.7178,4.373312968880535,2.040631999999995,true
0x57B09D,0,10.2742,3.852473140768589,2.3137880000000095,true
0x57B09D,1,34.7178,4.989325594298246,2.3193570000000037,true
0x57B09D,2,22.0394,3.8101043853383465,2.3243710000000064,true
0x57B09D,3,17.1866,3.7858437859231424,2.3302090000000035,true
0x57B09D,4,28.4449,4.583320455409357,2.336266000000002,true
0x57B09D,5,14.6758,4.0533539692982465,2.342767000000002,true
0x57B09D,6,11.025,3.845601524122808,2.3479599999999934,true
0x57B09D,7,36.6093,4.726228880116959,2.353164000000014,true
0x57B09D,8,10.1507,3.8736771783625743,2.358263000000001,true
0x57B09D,9,13.1219,3.8432253293650804,2.364807000000006,true
0x57B09D,10,18.1735,4.163790021929826,2.373114000000008,true
0x57B09D,11,9.3859,3.8411223099415217,2.379082000000004,true
0x57B09D,12,18.0025,4.230236074561405,2.3839869999999976,true
0x5826A4,0,6.4226,0.6739147446741856,2.406698999999996,true
0x5826A4,1,10.2742,0.9801125140977444,2.4116989999999916,true
0x5826A4,2,11.025,0.5175661842105261,2.417564000000006,true
0x5826A4,3,18.1735,1.1114474665831247,2.424209000000012,true
0x5826A4,4,28.4449,2.2028101397243107,2.429948000000003,true
0x5826A4,5,9.3859,1.0254594877819547,2.435643000000006,true
0x5826A4,6,10.1507,0.9942525140977443,2.440663000000008,true
0x5826A4,7,13.1219,0.67116216374269,2.4456220000000073,true
0x5826A4,8,18.0025,1.203515119047619,2.4515599999999935,true
0x5826A4,9,14.6758,0.5451785964912279,2.457271999999996,true
0x5826A4,10,36.6093,4.044070992063491,2.463349000000001,true
0x5826A4,11,22.0394,1.437707069548872,2.4703000000000017,true
0x5826A4,12,34.7178,3.4249730534670015,2.475574999999999,true
0x5826A4,13,17.1866,0.48700183114035084,2.4815299999999993,true
0x587117,0,17.1866,4.8485412518797,2.779108000000001,true
0x587117,1,14.6758,5.061561265664161,2.785613000000005,true
0x587117,2,10.2742,4.871085201441103,2.791952000000002,true
0x587117,3,11.6765,5.128338240131578,2.797776000000006,true
0x587117,4,10.1507,4.918783031015037,2.8035169999999923,true
0x587117,5,11.025,4.9120407276002505,2.8110670000000013,true
0x587117,6,28.4449,6.635421978070175,2.815917000000006,true
0x587117,7,9.3859,4.839967926848371,2.821897,true
0x587117,8,6.4226,5.184072055921053,2.8275700000000015,true
0x587117,9,18.0025,5.35053813700919,2.83312200000001,true
0x587117,10,13.1219,4.764239718306182,2.8382059999999925,true
0x587117,11,34.7178,7.390029293859651,2.8444780000000023,true
0x587117,12,18.1735,5.414922209690895,2.8506790000000066,true
0x587117,13,22.0394,5.885200934314954,2.856142999999996,true
0x587117,14,36.6093,7.149952579156225,2.8613659999999967,true
0x589D5F,0,18.0025,5.8775561951754405,2.881721000000006,true
0x589D5F,1,18.1735,5.96102297149123,2.886918999999999,true
0x589D5F,2,10.1507,4.873152854010026,2.892668999999991,true
0x589D5F,3,11.025,5.245930785401004,2.8997110000000035,true
0x589D5F,4,34.7178,7.57512052631579,2.9064559999999986,true
0x589D5F,5,17.1866,4.620336419172935,2.9112329999999886,true
0x589D5F,6,36.6093,7.775181052631579,2.9160950000000057,true
0x589D5F,7,6.4226,5.376927896303259,2.922283,true
0x589D5F,8,13.1219,4.561673917502089,2.9287479999999917,true
0x589D5F,9,28.4449,5.828122807017545,2.9353080000000134,true
0x589D5F,10,9.3859,4.871140222431078,2.941061999999995,true
0x589D5F,11,10.2742,4.764329011904762,2.9460730000000055,true
0x589D5F,12,11.6765,5.368464879385966,2.9510450000000006,true
0x589D5F,13,22.0394,5.795687192982457,2.956852000000005,true
0x589D5F,14,84.8922,3.4089352130325814,2.9635160000000056,true
0x589D5F,15,14.6758,5.836658629385966,2.9695310000000106,true
0x58DBBF,0,28.4449,3.083884227339181,3.3236690000000024,true
0x58DBBF,1,9.3859,1.1786650705931494,3.3295910000000006,true
0x58DBBF,2,18.0025,1.9195015935672515,3.335559999999994,true
0x58DBBF,3,84.8922,2.1885472368421053,3.3410279999999872,true
0x58DBBF,4,11.6765,2.406997959064328,3.3464420000000032,true
0x58DBBF,5,10.1507,1.2247799495614031,3.3512449999999987,true
0x58DBBF,6,11.025,1.9749753541144528,3.35604,true
0x58DBBF,7,17.1866,1.0996876297514615,3.3609659999999977,true
0x58DBBF,8,36.6093,2.877565382309941,3.365731000000004,true
0x58DBBF,9,10.2742,1.1455445296574767,3.3706940000000074,true
0x58DBBF,10,13.1219,1.1401382326649958,3.375614999999989,true
0x58DBBF,11,22.0394,1.1454711002506266,3.380563000000002,true
0x58DBBF,12,6.4226,2.406997959064328,3.3853319999999982,true
0x58DBBF,13,13.8345,2.3281368187134506,3.391956999999998,true
0x58DBBF,14,34.7178,3.2349195489766083,3.3973140000000015,true
0x58DBBF,15,14.6758,1.6521549655388472,3.4032489999999953,true
0x58DBBF,16,18.1735,1.9563696710526315,3.4087649999999954,true
0x591443,0,13.1219,1.194186130952381,3.429544,true
0x591443,1,28.4449,3.5899459768692568,3.435452000000005,true
0x591443,2,30.8025,3.5521725031850457,3.4411169999999984,true
0x591443,3,34.7178,4.990844977495823,3.4464690000000004,true
0x591443,4,11.6765,1.3719680526837927,3.4513590000000036,true
0x591443,5,17.1866,1.044595760599415,3.4572660000000113,true
0x591443,6,84.8922,2.2051653947368424,3.463162000000004,true
0x591443,7,36.6093,4.931383902934419,3.4681579999999954,true
0x591443,8,10.1507,1.2112944407894737,3.4732799999999955,true
0x591443,9,14.6758,1.3803023739035087,3.480792000000001,true
0x591443,10,6.4226,1.4679907218567252,3.4871790000000047,true
0x591443,11,13.8345,1.458479880169173,3.4930570000000003,true
0x591443,12,18.1735,1.878755904605263,3.498899999999999,true
0x591443,13,18.0025,1.6491753929093569,3.504026000000003,true
0x591443,14,11.025,1.386467066781537,3.510105000000003,true
0x591443,15,9.3859,1.1722913586048453,3.516370000000002,true
0x591443,16,10.2742,1.1639174580200498,3.5219710000000006,true
0x591443,17,22.0394,1.9643284688283207,3.527058000000004,true
0x5951A6,0,13.8345,3.0569162011278195,3.8241490000000127,true
0x5951A6,1,28.4449,3.620673517857143,3.8300020000000004,true
0x5951A6,2,18.0025,3.3790170073099417,3.8349720000000005,true
0x5951A6,3,10.2742,2.9831454923245615,3.840333000000008,true
0x5951A6,4,14.6758,3.055359229532164,3.8453190000000106,true
0x5951A6,5,11.6765,3.014084960526316,3.8501620000000045,true
0x5951A6,6,6.4226,3.0133254868421053,3.8551849999999988,true
0x5951A6,7,36.6093,3.6887965337301587,3.86043200000001,true
0x5951A6,8,22.0394,3.0520154069548875,3.866066999999994,true
0x5951A6,9,9.3859,2.9940991107456143,3.8729159999999965,true
0x5951A6,10,20.3199,3.437623016081872,3.8792219999999915,true
0x5951A6,11,34.7178,3.7268583073308266,3.8842090000000056,true
0x5951A6,12,10.1507,2.9909187379385966,3.8892620000000093,true
0x5951A6,13,13.1219,2.970227652412281,3.8941909999999993,true
0x5951A6,14,30.8025,3.6237756231203,3.8990010000000055,true
0x5951A6,15,18.1735,3.356868323099416,3.904260999999998,true
0x5951A6,16,11.025,2.8281676735588976,3.9094150000000027,true
0x5951A6,17,84.8922,2.3799329573934838,3.9167010000000104,true
0x5951A6,18,17.1866,2.9805483807957396,3.9221920000000026,true
0x598B32,0,18.0025,1.4743939411027571,3.943819000000012,true
0x598B32,1,34.7178,2.8874188216896406,3.949630000000006,true
0x598B32,2,84.8922,1.8292502951127823,3.954867,true
0x598B32,3,13.1219,1.1143670394736838,3.960518999999998,true
0x598B32,4,28.4449,2.5065541556495416,3.9662449999999936,true
0x598B32,5,11.025,1.186750263157895,3.972301999999992,true
0x598B32,6,36.6093,2.563422859910192,3.979414999999996,true
0x598B32,7,10.1507,1.139519357612782,3.98583,true
0x598B32,8,20.3199,1.939193063909774,3.9920629999999946,true
0x598B32,9,13.8345,1.6120945008876357,3.99686599999999,true
0x598B32,10,18.1735,1.2963285902255635,4.001652,true
0x598B32,11,30.8025,2.5317501907372595,4.006584999999994,true
0x598B32,12,22.0394,1.1131624702380951,4.012885000000004,true
0x598B32,13,6.4226,1.7490861254177108,4.017785999999994,true
0x598B32,14,14.6758,1.1302259703947368,4.023564,true
0x598B32,15,19.5111,1.883468063909774,4.0298270000000045,true
0x598B32,16,11.6765,1.7559330840643272,4.0356900000000095,true
0x598B32,17,10.2742,1.0737381470864662,4.041129000000005,true
0x598B32,18,17.1866,1.150348371710526,4.045942000000004,true
0x598B32,19,9.3859,1.063816470394737,4.051659000000008,true
0x59C628,0,13.8345,1.4325910714285714,4.337458000000005,true
0x59C628,1,20.3199,2.3792860923141186,4.344489999999986,true
0x59C628,2,19.5479,1.30945390429198,4.349567,true
0x59C628,3,19.5111,2.3519072765246447,4.354928000000008,true
0x59C628,4,22.0394,2.271062782111529,4.3597190000000055,true
0x59C628,5,11.6765,1.3031722807017545,4.364606000000002,true
0x59C628,6,18.1735,2.2147953028404346,4.370515000000005,true
0x59C628,7,18.0025,2.489770528404344,4.3764619999999965,true
0x59C628,8,36.6093,3.218912732142857,4.381283000000003,true
0x59C628,9,9.3859,1.2280723201754387,4.3863389999999995,true
0x59C628,10,10.2742,1.274673346177945,4.391981000000008,true
0x59C628,11,10.1507,1.2824756963241437,4.398406000000001,true
0x59C628,12,13.1219,1.2726610091896409,4.404527000000009,true
0x59C628,13,28.4449,2.6145094196428573,4.410310000000003,true
0x59C628,14,11.025,1.274646792763158,4.416188999999996,true
0x59C628,15,34.7178,3.376585591635338,4.421427000000001,true
0x59C628,16,6.4226,1.4151435339912282,4.426327999999991,true
0x59C628,17,84.8922,3.071636629072682,4.4313550000000035,true
0x59C628,18,17.1866,1.2738284656954886,4.437823000000002,true
0x59C628,19,14.6758,1.9369560547201339,4.442909000000007,true
0x59C628,20,30.8025,3.0687087824248116,4.447732999999992,true
0x5A025E,0,13.1219,1.1272486374269006,4.4704029999999975,true
0x5A025E,1,19.5543,2.5106418203842944,4.475957000000001,true
0x5A025E,2,28.4449,2.844455951858813,4.481631999999998,true
0x5A025E,3,6.4226,0.9437339356725148,4.487977000000008,true
0x5A025E,4,17.1866,1.3196135797827904,4.493232000000013,true
0x5A025E,5,30.8025,2.795095688700919,4.499198,true
0x5A025E,6,22.0394,1.4530913984962406,4.5057740000000095,true
0x5A025E,7,11.6765,1.0008005748746869,4.511581,true
0x5A025E,8,13.8345,1.025106594611529,4.516517,true
0x5A025E,9,18.0025,2.5309736624895574,4.521312999999999,true
0x5A025E,10,20.3199,2.5116491888053467,4.527397999999998,true
0x5A025E,11,9.3859,1.525554652882206,4.5352510000000095,true
0x5A025E,12,14.6758,1.556039538429407,4.541941999999999,true
0x5A025E,13,18.1735,2.5091777852965746,4.547161999999993,true
0x5A025E,14,19.5111,2.5105849782790313,4.552040999999996,true
0x5A025E,15,10.1507,1.4156796228070179,4.557798999999996,true
0x5A025E,16,36.6093,3.503873606829574,4.563340000000004,true
0x5A025E,17,34.7178,3.355862554197995,4.568190000000008,true
0x5A025E,18,10.2742,1.4661835563909777,4.573438000000003,true
0x5A025E,19,19.5479,1.440803948203843,4.579615999999994,true
0x5A025E,20,11.025,1.053056534043442,4.585236000000002,true
0x5A025E,21,84.8922,2.6213984735275684,4.590981000000006,true
0x5A392E,0,6.407,3.497693278195489,4.894022,true
0x5A392E,1,11.025,3.370209841008772,4.899312999999999,true
0x5A392E,2,84.8922,2.3174999373433587,4.904804999999989,true
0x5A392E,3,9.3859,3.281532604636591,4.910936999999997,true
0x5A392E,4,18.1735,3.3844225482456145,4.916127999999993,true
0x5A392E,5,19.5479,3.196730538011696,4.921855000000001,true
0x5A392E,6,17.1866,3.227135574561404,4.927130999999996,true
0x5A392E,7,19.5111,3.7103772850877186,4.932346000000003,true
0x5A392E,8,20.3199,3.7103772850877186,4.938241999999995,true
0x5A392E,9,36.6093,3.406685342731829,4.945015000000005,true
0x5A392E,10,13.1219,3.2810857186716795,4.9515850000000015,true
0x5A392E,11,30.8025,3.6611739538429413,4.957391000000008,true
0x5A392E,12,19.5543,3.6041772850877187,4.962202999999995,true
0x5A392E,13,13.8345,3.4368254868421046,4.96720100000001,true
0x5A392E,14,14.6758,3.3709423728070163,4.9720589999999945,true
0x5A392E,15,6.4226,3.4961821433270677,4.979170000000003,true
0x5A392E,16,10.2742,3.2894825388471185,4.9846140000000005,true
0x5A392E,17,18.0025,3.3685453114035093,4.989713999999999,true
0x5A392E,18,34.7178,4.027195412176274,4.994661000000001,true
0x5A392E,19,11.6765,3.369068315789474,4.999830999999993,true
0x5A392E,20,28.4449,3.6719173420008353,5.004690000000004,true
0x5A392E,21,10.1507,3.2724664956140352,5.010295000000006,true
0x5A392E,22,22.0394,3.3841063640350884,5.015881,true
0x5A799F,0,30.8025,1.6338322192982457,5.0381360000000015,true
0x5A799F,1,18.0025,1.180701484962406,5.044312999999995,true
0x5A799F,2,6.407,0.9110063768274855,5.049730000000004,true
0x5A799F,3,19.5479,0.3614664826127819,5.055755999999995,true
0x5A799F,4,36.6093,2.7505462504177105,5.061151000000002,true
0x5A799F,5,12.2341,0.40451731725146195,5.0683210000000045,true
0x5A799F,6,34.7178,1.8809420848997491,5.074525999999999,true
0x5A799F,7,10.1507,0.6105589772347535,5.080474000000002,true
0x5A799F,8,84.8922,1.7640835380116962,5.085715,true
0x5A799F,9,6.4226,0.8645680380116959,5.091951000000002,true
0x5A799F,10,19.5111,1.426190132623225,5.098091000000004,true
0x5A799F,11,18.1735,0.9099283928571428,5.103292000000003,true
0x5A799F,12,13.1219,0.40277786988304093,5.108270000000012,true
0x5A799F,13,11.025,0.35545907816416045,5.114395000000009,true
0x5A799F,14,20.3199,1.4430099108187133,5.120657000000001,true
0x5A799F,15,9.3859,0.5209822408103592,5.127463000000013,true
0x5A799F,16,14.6758,0.6169435891812866,5.134425,true
0x5A799F,17,13.8345,0.8187610873538012,5.141275999999998,true
0x5A799F,18,19.5543,1.3626090423976607,5.147293999999995,true
0x5A799F,19,17.1866,0.28842614035087716,5.153366999999996,true
0x5A799F,20,11.6765,0.8016924689327485,5.159683000000008,true
0x5A799F,21,10.2742,0.5827499133249792,5.16642199999999,true
0x5A799F,22,28.4449,1.7678697368421052,5.174737999999998,true
0x5A799F,23,22.0394,1.4967269747284877,5.1801260000000084,true
0x5AC086,0,12.2341,3.2882813667502084,5.456847000000003,true
0x5AC086,1,63.1297,4.341961259398497,5.463001000000013,true
0x5AC086,2,9.3859,3.5369630565998333,5.468346000000004,true
0x5AC086,3,19.5479,3.2380173966165415,5.473857000000002,true
0x5AC086,4,17.1866,3.0605928778195493,5.479766999999988,true
0x5AC086,5,19.5111,3.7382057142857144,5.4851659999999995,true
0x5AC086,6,14.6758,3.1179678289473687,5.490212000000007,true
0x5AC086,7,6.4226,3.266943755221387,5.4972139999999925,true
0x5AC086,8,84.8922,3.952603692564746,5.504483999999998,true
0x5AC086,9,13.1219,3.1999435639097746,5.510597999999995,true
0x5AC086,10,19.5543,3.6906410902255637,5.517175999999999,true
0x5AC086,11,11.025,3.285782470760234,5.5237729999999985,true
0x5AC086,12,20.3199,3.7449409774436093,5.53055899999999,true
0x5AC086,13,13.8345,3.3822055847953223,5.536634999999997,true
0x5AC086,14,28.4449,3.8254323713450296,5.541711999999997,true
0x5AC086,15,18.0025,3.4215868333333335,5.546777999999996,true
0x5AC086,16,11.6765,3.295488742690059,5.552251999999989,true
0x5AC086,17,18.1735,3.5238409774436095,5.557218999999996,true
0x5AC086,18,36.6093,4.885564323099414,5.562204999999999,true
0x5AC086,19,6.407,3.38168894005848,5.567988000000007,true
0x5AC086,20,22.0394,3.5417583740601493,5.574772000000003,true
0x5AC086,21,10.2742,3.5055506223893067,5.581136000000008,true
0x5AC086,22,30.8025,3.828534476608188,5.587213000000013,true
0x5AC086,23,10.1507,3.445832043441938,5.593467999999994,true
0x5AC086,24,34.7178,4.313310160818713,5.599281999999995,true
0x5AF109,0,9.3859,2.628886064379699,5.621626999999997,true
0x5AF109,1,20.6883,0.6716956359649123,5.626792000000002,true
0x5AF109,2,19.5543,2.732906000417711,5.632628000000004,true
0x5AF109,3,30.8025,1.974505789473684,5.63955099999999,true
0x5AF109,4,19.5479,1.7558493538533835,5.6458629999999985,true
0x5AF109,5,63.1297,1.2039393421052638,5.651787000000006,true
0x5AF109,6,28.4449,1.9714036842105263,5.656766999999995,true
0x5AF109,7,34.7178,2.8324884013157896,5.662323999999991,true
0x5AF109,8,11.025,1.2656909656954887,5.667363000000002,true
0x5AF109,9,17.1866,1.7603461959586464,5.672210999999997,true
0x5AF109,10,6.4226,1.4445683982351711,5.677523000000001,true
0x5AF109,11,13.1219,2.5182562781954885,5.683459000000006,true
0x5AF109,12,11.6765,1.7644536507936504,5.689334000000009,true
0x5AF109,13,22.0394,1.4168144210526314,5.696976999999997,true
0x5AF109,14,18.0025,2.612374589598997,5.703320999999995,true
0x5AF109,15,14.6758,2.444118521303258,5.709717000000005,true
0x5AF109,16,10.2742,2.5453979887218043,5.716129000000002,true
0x5AF109,17,13.8345,1.7976243441938178,5.721959000000005,true
0x5AF109,18,18.1735,2.656730254803676,5.727815999999997,true
0x5AF109,19,6.407,1.5162740736737677,5.733376,true
0x5AF109,20,36.6093,3.2800901703216376,5.739352000000004,true
0x5AF109,21,20.3199,2.7601395438596485,5.746344999999998,true
0x5AF109,22,19.5111,2.653345756265664,5.752514999999995,true
0x5AF109,23,84.8922,1.5258235526315793,5.75826,true
0x5AF109,24,12.2341,2.3909723801691727,5.7642099999999985,true
0x5AF109,25,10.1507,2.5836797485902254,5.7697120000000055,true
0x5B23EC,0,10.2742,4.266024882048873,6.050228000000011,true
0x5B23EC,1,10.1507,4.175075558740602,6.056077999999992,true
0x5B23EC,2,30.8025,5.127405739087302,6.0610929999999925,true
0x5B23EC,3,20.3199,5.166648299916458,6.066808000000002,true
0x5B23EC,4,18.1735,4.952510405179616,6.073237999999996,true
0x5B23EC,5,11.6765,4.711098082184629,6.080333000000003,true
0x5B23EC,6,34.7178,5.355738155284043,6.086025999999997,true
0x5B23EC,7,84.8922,2.3695781516290726,6.092407999999999,true
0x5B23EC,8,63.1297,2.109887230576441,6.099239000000004,true
0x5B23EC,9,19.5543,5.139326326232248,6.105077000000001,true
0x5B23EC,10,6.407,4.795592340329992,6.1108369999999965,true
0x5B23EC,11,44.62,1.9278638888888893,6.116603999999988,true
0x5B23EC,12,13.8345,4.693141128863827,6.122571000000001,true
0x5B23EC,13,18.0025,5.018956457811195,6.131084000000008,true
0x5B23EC,14,22.0394,4.278681521303259,6.136217000000009,true
0x5B23EC,15,28.4449,5.13508846935046,6.1419679999999985,true
0x5B23EC,16,6.4226,4.74930691050543,6.148258999999989,true
0x5B23EC,17,20.6883,2.601516056704261,6.154077000000008,true
0x5B23EC,18,12.2341,4.1670131527255645,6.159963000000012,true
0x5B23EC,19,19.5111,5.139269484126984,6.166255000000014,true
0x5B23EC,20,36.6093,5.367671129385965,6.172242000000004,true
0x5B23EC,21,13.1219,4.2490690643797,6.177472999999999,true
0x5B23EC,22,9.3859,4.287028028978697,6.183196000000002,true
0x5B23EC,23,19.5479,4.201282555137845,6.188863000000005,true
0x5B23EC,24,17.1866,4.19071946517335,6.193864999999995,true
0x5B23EC,25,11.025,4.587451852548037,6.198885999999995,true
0x5B23EC,26,14.6758,4.641069437186717,6.203785000000003,true
0x5B687E,0,84.8922,2.3219767794486215,6.227635999999997,true
0x5B687E,1,9.3859,2.166608102078112,6.234275000000004,true
0x5B687E,2,13.1219,1.7451018296783622,6.239712000000004,true
0x5B687E,3,6.407,1.6399908646616541,6.245391000000005,true
0x5B687E,4,14.6758,1.817075617951128,6.2505179999999925,true
0x5B687E,5,12.2341,1.8108233647660814,6.2564120000000045,true
0x5B687E,6,11.6765,1.562130625,6.2619789999999895,true
0x5B687E,7,11.025,1.3734770864661654,6.267686000000005,true
0x5B687E,8,17.1866,1.7193765460526311,6.273658000000005,true
0x5B687E,9,36.6093,3.3572196936090224,6.2794330000000045,true
0x5B687E,10,6.4226,1.619931907894737,6.285755999999999,true
0x5B687E,11,20.3199,2.472416419956141,6.290635999999999,true
0x5B687E,12,20.6883,1.0988570543024225,6.2954930000000004,true
0x5B687E,13,22.0394,1.5923483947368422,6.3010730000000095,true
0x5B687E,14,10.1507,2.1493862775167085,6.307442999999999,true
0x5B687E,15,13.8345,1.6269539144736842,6.313014000000003,true
0x5B687E,16,9.7539,1.6041699483082705,6.318552000000004,true
0x5B687E,17,63.1297,2.5900505889724315,6.325592000000007,true
0x5B687E,18,18.1735,2.3019656304824565,6.331386000000002,true
0x5B687E,19,18.0025,2.204985763105681,6.337277000000007,true
0x5B687E,20,19.5479,1.7058211513157893,6.342956999999991,true
0x5B687E,21,34.7178,2.460057904135338,6.3493839999999935,true
0x5B687E,22,28.4449,1.930322387218045,6.354908000000002,true
0x5B687E,23,44.62,1.9409341397243107,6.360458999999999,true
0x5B687E,24,19.5543,2.440031288377193,6.365672999999994,true
0x5B687E,25,30.8025,1.930322387218045,6.371130999999998,true
0x5B687E,26,19.5111,2.418300893640351,6.376194000000005,true
0x5B687E,27,10.2742,2.150190645937761,6.381104999999998,true
0x5BB4F8,0,44.62,1.525978842105263,6.708952000000004,true
0x5BB4F8,1,20.6883,1.106320111842105,6.714138999999996,true
0x5BB4F8,2,63.1297,1.3103785453216377,6.719108999999996,true
0x5BB4F8,3,14.6758,1.1893509210526318,6.724325,true
0x5BB4F8,4,19.5479,1.4068887687969927,6.729329999999997,true
0x5BB4F8,5,22.0394,1.4569141447368419,6.734484999999999,true
0x5BB4F8,6,28.4449,1.9361087907268164,6.740011000000003,true
0x5BB4F8,7,11.6765,1.1882423590225566,6.746914000000011,true
0x5BB4F8,8,9.3859,1.2899239191729324,6.752547,true
0x5BB4F8,9,10.2742,1.2957679981203007,6.7584620000000015,true
0x5BB4F8,10,19.5111,1.6987324279448621,6.764842000000009,true
0x5BB4F8,11,19.5543,1.6465562500000002,6.772341000000004,true
0x5BB4F8,12,8.9003,1.3801813533834588,6.778022,true
0x5BB4F8,13,6.407,1.2650326710526318,6.7834470000000024,true
0x5BB4F8,14,18.0025,1.4820240935672515,6.789404999999995,true
0x5BB4F8,15,11.025,1.2644093859649126,6.7970749999999995,true
0x5BB4F8,16,13.8345,1.276589990601504,6.802838999999999,true
0x5BB4F8,17,34.7178,2.251673126253133,6.809638,true
0x5BB4F8,18,36.6093,2.9016939157268165,6.815622000000012,true
0x5BB4F8,19,12.2341,1.3351227161654138,6.821204000000002,true
0x5BB4F8,20,84.8922,1.2553443656015038,6.827407000000001,true
0x5BB4F8,21,17.1866,1.3944608740601505,6.833720000000007,true
0x5BB4F8,22,6.4226,1.264292862781955,6.83923699999999,true
0x5BB4F8,23,18.1735,1.6429225657894737,6.845069000000002,true
0x5BB4F8,24,30.8025,1.942313001253132,6.851833000000006,true
0x5BB4F8,25,9.7539,1.3316820131578948,6.857768,true
0x5BB4F8,26,10.1507,1.276553110902256,6.863188000000001,true
0x5BB4F8,27,13.1219,1.3518262687969926,6.868063999999997,true
0x5BB4F8,28,20.3199,1.7293724467418545,6.8727890000000045,true
0x5BE017,0,17.1866,0.6312613815789472,6.8943669999999955,true
0x5BE017,1,28.4449,0.8145321052631578,6.900250000000007,true
0x5BE017,2,20.6883,0.5317769444444446,6.906699999999994,true
0x5BE017,3,14.6758,0.8673205789473686,6.913353999999991,true
0x5BE017,4,10.2742,0.586383369883041,6.918284000000007,true
0x5BE017,5,44.62,1.4257597368421053,6.9232259999999926,true
0x5BE017,6,19.5479,0.6301338815789473,6.9285950000000085,true
0x5BE017,7,11.025,0.4959140695488721,6.933771,true
0x5BE017,8,30.8025,0.7899540350877193,6.939668000000005,true
0x5BE017,9,19.5543,1.2843787828947368,6.945158999999997,true
0x5BE017,10,18.0025,0.9778252894736843,6.950009999999999,true
0x5BE017,11,6.407,0.88134592089599,6.955888999999992,true
0x5BE017,12,13.1219,0.6468555043859648,6.961566999999995,true
0x5BE017,13,9.3859,0.6733590716374268,6.966507,true
0x5BE017,14,20.3199,1.4435732565789474,6.97141899999999,true
0x5BE017,15,84.8922,2.060806973684211,6.976376999999992,true
0x5BE017,16,18.1735,1.1435558157894736,6.981359000000005,true
0x5BE017,17,9.7539,0.7228143278508773,6.988994999999996,true
0x5BE017,18,22.0394,0.603735394736842,6.994475999999999,true
0x5BE017,19,11.6765,0.685907529605263,6.999507999999999,true
0x5BE017,20,8.9003,0.8131384283625731,7.004277000000009,true
0x5BE017,21,19.5111,1.390143173245614,7.0092110000000005,true
0x5BE017,22,7.1506,0.7437986480263158,7.014868999999997,true
0x5BE017,23,34.7178,2.5695502631578946,7.020119999999999,true
0x5BE017,24,6.4226,0.7754631029135339,7.0252300000000005,true
0x5BE017,25,13.8345,0.6935631271929823,7.030528999999994,true
0x5BE017,26,63.1297,1.803299605263159,7.035840999999998,true
0x5BE017,27,36.6093,2.8029151190476185,7.041310000000003,true
0x5BE017,28,10.1507,0.5542806710526316,7.0468329999999995,true
0x5BE017,29,12.2341,0.522484802631579,7.051893999999997,true
0x5C257F,0,6.407,1.1088803931704259,7.372856000000006,true
0x5C257F,1,19.5479,0.22515251148705095,7.378870999999997,true
0x5C257F,2,18.1735,1.570673122180451,7.384300000000003,true
0x5C257F,3,6.4226,1.0107647877506263,7.390224000000011,true
0x5C257F,4,30.8025,2.438833599728488,7.3964229999999915,true
0x5C257F,5,9.7539,1.0588947045739345,7.402747999999995,true
0x5C257F,6,34.7178,2.8507809659565586,7.408979999999993,true
0x5C257F,7,44.62,1.8393160213032584,7.415128000000003,true
0x5C257F,8,84.8922,1.7204866948621558,7.420386999999998,true
0x5C257F,9,22.0394,1.8414568726503755,7.4252600000000015,true
0x5C257F,10,10.2742,0.2314615140455305,7.430341000000006,true
0x5C257F,11,18.0025,1.5301159591687552,7.4354860000000045,true
0x5C257F,12,11.025,0.9485362024853801,7.440289999999997,true
0x5C257F,13,19.5543,1.8931276397243106,7.447673999999999,true
0x5C257F,14,12.2341,0.23326495614035087,7.453918000000009,true
0x5C257F,15,28.4449,2.4554108892021724,7.459202999999995,true
0x5C257F,16,11.6765,1.0050065669381787,7.4648579999999995,true
0x5C257F,17,9.3859,0.3349556901106933,7.470527000000011,true
0x5C257F,18,14.6758,0.8548963961988303,7.476279999999996,true
0x5C257F,19,36.6093,2.447659783939014,7.481726999999999,true
0x5C257F,20,8.9003,0.3249057145989974,7.487017999999999,true
0x5C257F,21,10.1507,0.3107217926065162,7.492898000000004,true
0x5C257F,22,13.1219,0.2521548606934001,7.4986180000000004,true
0x5C257F,23,20.6883,0.3759981929824561,7.504889999999996,true
0x5C257F,24,63.1297,1.2814525657894735,7.510540999999996,true
0x5C257F,25,13.8345,0.9390735540935673,7.516049000000002,true
0x5C257F,26,20.3199,1.8931276397243106,7.521005999999993,true
0x5C257F,27,19.5111,1.8660904028822052,7.526586000000002,true
0x5C257F,28,17.1866,0.17178713032581452,7.5324369999999945,true
0x5C257F,29,37.1604,2.7663450323725987,7.537917,true
0x5C257F,30,7.1506,0.9950399034043442,7.545918999999991,true
0x5C57D4,0,44.62,0.914605394736842,7.568717999999997,true
0x5C57D4,1,10.1507,0.756228384085213,7.574523000000006,true
0x5C57D4,2,20.6883,0.45452783834586474,7.5795400000000015,true
0x5C57D4,3,11.6765,0.3073700964912281,7.584906999999994,true
0x5C57D4,4,8.9003,0.917189115079365,7.5905150000000035,true
0x5C57D4,5,37.1604,3.9750582309941516,7.5969380000000015,true
0x5C57D4,6,63.1297,1.2723778618421053,7.602374000000005,true
0x5C57D4,7,18.1735,1.390606174028822,7.607503000000001,true
0x5C57D4,8,11.025,0.2816165811403509,7.613123999999992,true
0x5C57D4,9,13.8345,0.2812792147034252,7.6185310000000115,true
0x5C57D4,10,6.4226,0.5516352605994153,7.623366999999995,true
0x5C57D4,11,34.7178,3.4397606725146197,7.6282270000000025,true
0x5C57D4,12,17.1866,0.5829219342105263,7.633334000000012,true
0x5C57D4,13,9.7539,0.5400505698099416,7.639580000000002,true
0x5C57D4,14,19.5111,1.4226991063596492,7.645251999999992,true
0x5C57D4,15,30.8025,3.5135203926482865,7.65232799999999,true
0x5C57D4,16,10.2742,0.7570408840852131,7.659133000000004,true
0x5C57D4,17,22.0394,0.8874968421052631,7.664734000000003,true
0x5C57D4,18,28.4449,1.58839540726817,7.669656999999994,true
0x5C57D4,19,9.3859,0.8954457525062656,7.675508000000001,true
0x5C57D4,20,18.0025,1.2001773958333335,7.681516000000009,true
0x5C57D4,21,36.6093,3.5249500730994137,7.6865179999999995,true
0x5C57D4,22,19.5543,1.3931814371867168,7.6912790000000015,true
0x5C57D4,23,14.6758,0.4676293622076023,7.696149999999996,true
0x5C57D4,24,12.2341,0.6206389912280701,7.701933000000004,true
0x5C57D4,25,13.1219,0.623262581453634,7.707597999999997,true
0x5C57D4,26,20.3199,1.4512771820175439,7.712505999999998,true
0x5C57D4,27,6.407,0.5670745500730995,7.717978999999993,true
0x5C57D4,28,84.8922,1.686186885964912,7.72327099999999,true
0x5C57D4,29,25.9194,1.5920407727652461,7.728606000000006,true
0x5C57D4,30,19.5479,0.5453627236842106,7.7358779999999925,true
0x5C57D4,31,7.1506,0.3245512006578947,7.7423180000000045,true
0x5C80BD,0,19.5543,4.777783530701755,8.119356000000003,true
0x5C80BD,1,7.1506,4.493887872807018,8.126698000000012,true
0x5C80BD,2,9.3859,4.331608684210527,8.132308000000002,true
0x5C80BD,3,8.9003,4.400939791666667,8.137619999999991,true
0x5C80BD,4,6.4226,4.477111282111529,8.142812999999997,true
0x5C80BD,5,11.6838,4.621430138888889,8.150549000000005,true
0x5C80BD,6,11.6765,4.471949629542607,8.156981000000009,true
0x5C80BD,7,11.025,4.351835345394737,8.162274000000004,true
0x5C80BD,8,84.8922,2.1449428216374264,8.16713099999999,true
0x5C80BD,9,10.2742,4.317475227130326,8.172812,true
0x5C80BD,10,14.6758,4.491165745614035,8.179611999999999,true
0x5C80BD,11,20.6883,4.709129793024227,8.185725999999995,true
0x5C80BD,12,18.1735,4.508569700292398,8.191037999999999,true
0x5C80BD,13,22.0394,4.8757131777360065,8.197225999999993,true
0x5C80BD,14,10.1507,4.358789539473684,8.203868000000007,true
0x5C80BD,15,19.5111,4.803466662280702,8.210308000000005,true
0x5C80BD,16,18.0025,4.489259796365915,8.217310000000005,true
0x5C80BD,17,9.7539,4.5900443953634085,8.223903,true
0x5C80BD,18,20.3199,4.85917144005848,8.230332999999995,true
0x5C80BD,19,28.4449,5.880512002923976,8.236044,true
0x5C80BD,20,17.1866,4.318498563596491,8.241149000000014,true
0x5C80BD,21,44.62,1.778685964912281,8.24631999999999,true
0x5C80BD,22,13.1219,4.3291086189431915,8.251252999999998,true
0x5C80BD,23,63.1297,1.9909946637426899,8.258208000000003,true
0x5C80BD,24,37.1604,5.7750069700292395,8.263920000000006,true
0x5C80BD,25,19.5479,4.346699721177945,8.268904,true
0x5C80BD,26,6.407,4.474187515664161,8.274317000000003,true
0x5C80BD,27,13.8345,4.5166678203320805,8.279238999999997,true
0x5C80BD,28,12.2341,4.308476688596492,8.28517,true
0x5C80BD,29,36.6093,5.606664826388888,8.29153800000001,true
0x5C80BD,30,34.7178,5.880512002923976,8.297795999999998,true
0x5C80BD,31,30.8025,5.880512002923976,8.305144000000006,true
0x5C80BD,32,25.9194,5.880512002923976,8.311626000000011,true
0x5CCFC4,0,20.6883,0.5692408114035088,8.334424000000006,true
0x5CCFC4,1,34.7178,2.210504077850877,8.339509999999997,true
0x5CCFC4,2,6.4226,0.3091732518796992,8.345290999999996,true
0x5CCFC4,3,22.0394,0.8406523684210526,8.353641000000003,true
0x5CCFC4,4,13.8345,0.306254,8.359480999999995,true
0x5CCFC4,5,84.8922,2.718319144736842,8.36515699999999,true
0x5CCFC4,6,36.6093,2.407174516447369,8.370771999999995,true
0x5CCFC4,7,13.1219,0.2537975263157894,8.37715699999999,true
0x5CCFC4,8,8.9003,0.6601783040935673,8.383433000000004,true
0x5CCFC4,9,19.5111,1.1158606244778613,8.389584000000006,true
0x5CCFC4,10,20.3199,1.1708293086883876,8.39597100000001,true
0x5CCFC4,11,14.6758,0.42499859649122806,8.402224999999994,true
0x5CCFC4,12,12.2341,0.4439315204678363,8.407915999999993,true
0x5CCFC4,13,10.2742,0.613721494883041,8.412687999999996,true
0x5CCFC4,14,10.1507,0.5192905409356724,8.418168999999999,true
0x5CCFC4,15,37.1604,2.9060963439327483,8.424703999999998,true
0x5CCFC4,16,9.7539,0.4479028947368421,8.431367999999999,true
0x5CCFC4,17,63.1297,2.460574802631579,8.43744800000001,true
0x5CCFC4,18,11.6838,0.39839929824561404,8.442382000000002,true
0x5CCFC4,19,18.1735,0.9310232268170427,8.448672999999992,true
0x5CCFC4,20,7.1506,0.17465069548872184,8.456594000000003,true
0x5CCFC4,21,29.6655,0.5728368421052632,8.46269499999999,true
0x5CCFC4,22,11.025,0.34249083698830407,8.469450000000002,true
0x5CCFC4,23,17.1866,0.434540947368421,8.475058999999995,true
0x5CCFC4,24,9.3859,0.6113838633040934,8.48104200000001,true
0x5CCFC4,25,25.9194,0.8917576842105263,8.487189000000008,true
0x5CCFC4,26,18.0025,0.9088295676691729,8.492567999999999,true
0x5CCFC4,27,30.8025,1.896032341008772,8.49781500000001,true
0x5CCFC4,28,19.5543,1.0582986069340017,8.5028,true
0x5CCFC4,29,28.4449,1.022459,8.507721999999994,true
0x5CCFC4,30,19.5479,0.48027907894736843,8.513020000000004,true
0x5CCFC4,31,6.407,0.33932285714285715,8.518971999999998,true
0x5CCFC4,32,44.62,2.4660174765037595,8.524626000000005,true
0x5CCFC4,33,11.6765,0.21544249999999993,8.529473000000003,true
0x5D0EF5,0,28.4449,12.945216373746865,8.853226999999997,true
0x5D0EF5,1,14.6758,11.025882726608188,8.859079999999999,true
0x5D0EF5,2,31.745,13.062465038377193,8.864114999999991,true
0x5D0EF5,3,11.025,10.917870131578947,8.870225999999995,true
0x5D0EF5,4,11.6838,10.815607464912281,8.876152999999995,true
0x5D0EF5,5,13.1219,11.457567405388472,8.882017999999995,true
0x5D0EF5,6,19.5543,12.105802477756892,8.887747000000012,true
0x5D0EF5,7,13.8345,10.879922302631579,8.892856000000002,true
0x5D0EF5,8,9.3859,11.360078077903092,8.898532999999993,true
0x5D0EF5,9,20.6883,11.032222234962408,8.904532999999994,true
0x5D0EF5,10,8.9003,11.463374035505431,8.909578000000003,true
0x5D0EF5,11,36.6093,14.15775966008772,8.914913000000006,true
0x5D0EF5,12,25.9194,12.957630233395989,8.921675999999998,true
0x5D0EF5,13,10.1507,11.307382710944028,8.92778599999999,true
0x5D0EF5,14,63.1297,12.160607343358397,8.934004000000009,true
0x5D0EF5,15,18.0025,11.576600632309942,8.940133999999993,true
0x5D0EF5,16,9.7539,10.962608809680452,8.945912,true
0x5D0EF5,17,30.8025,13.263248970238095,8.951527999999989,true
0x5D0EF5,18,19.5479,10.811272730263159,8.958236000000007,true
0x5D0EF5,19,34.7178,14.507551216478697,8.963539000000004,true
0x5D0EF5,20,7.1506,10.891807341008773,8.969162000000004,true
0x5D0EF5,21,17.1866,10.82480403874269,8.974454000000001,true
0x5D0EF5,22,37.1604,14.593075170426065,8.980872000000012,true
0x5D0EF5,23,12.2341,11.311308861528822,8.987069000000012,true
0x5D0EF5,24,10.2742,11.476176348997495,8.993024999999996,true
0x5D0EF5,25,6.4226,10.918126332236843,8.99856900000001,true
0x5D0EF5,26,29.6655,11.455629568713452,9.003774000000014,true
0x5D0EF5,27,84.8922,12.468951644736842,9.008603999999998,true
0x5D0EF5,28,18.1735,11.839089269736842,9.013607,true
0x5D0EF5,29,19.5111,12.105802477756892,9.020803000000008,true
0x5D0EF5,30,20.3199,12.105802477756892,9.027147000000006,true
0x5D0EF5,31,22.0394,11.987158276942356,9.033018000000006,true
0x5D0EF5,32,6.407,10.938443020833335,9.03853999999999,true
0x5D0EF5,33,44.62,11.489604842105262,9.043962,true
0x5D0EF5,34,11.6765,10.885728569078948,9.048927999999997,true
0x5D47E2,0,6.407,2.699456962614871,9.073332,true
0x5D47E2,1,10.1507,1.0612082412280701,9.080104999999996,true
0x5D47E2,2,36.6093,3.561094567982456,9.085731000000003,true
0x5D47E2,3,6.4226,2.675426699456976,9.091638999999994,true
0x5D47E2,4,10.2742,1.0612082412280701,9.098020000000012,true
0x5D47E2,5,31.745,2.9340300475146193,9.103001999999996,true
0x5D47E2,6,9.3859,1.0612082412280701,9.10801200000001,true
0x5D47E2,7,44.62,0.8025473684210527,9.113892999999997,true
0x5D47E2,8,11.025,2.512396005012532,9.120546000000012,true
0x5D47E2,9,30.8025,3.1038504758771928,9.125471999999995,true
0x5D47E2,10,11.6838,0.4701696381578948,9.131394000000007,true
0x5D47E2,11,11.6765,2.6599934099832923,9.137781000000011,true
0x5D47E2,12,37.1604,3.5164014948830413,9.143082,true
0x5D47E2,13,84.8922,1.6577364473684217,9.148052999999997,true
0x5D47E2,14,7.1506,2.626012554720134,9.153051999999995,true
0x5D47E2,15,20.6883,0.4985393969298245,9.157933000000007,true
0x5D47E2,16,9.7539,2.699940909983292,9.163426999999992,true
0x5D47E2,17,8.9003,1.0612082412280701,9.168572000000005,true
0x5D47E2,18,18.0025,2.9701257738095235,9.17422899999999,true
0x5D47E2,19,63.1297,1.368040657894737,9.179580999999992,true
0x5D47E2,20,25.9194,2.6682748833020047,9.185353999999997,true
0x5D47E2,21,12.2341,0.9790031096491228,9.190797999999994,true
0x5D47E2,22,13.1219,1.0612082412280701,9.196545000000008,true
0x5D47E2,23,17.1866,0.77840375,9.202919000000001,true
0x5D47E2,24,29.6655,1.0501023684210524,9.207921000000006,true
0x5D47E2,25,18.1735,2.9257923339599,9.214202000000007,true
0x5D47E2,26,20.3199,3.1108411789891397,9.219031999999991,true
0x5D47E2,27,19.5111,3.1108411789891397,9.223908000000002,true
0x5D47E2,28,28.4449,2.642637478070175,9.228783,true
0x5D47E2,29,19.5543,3.1108411789891397,9.234380999999992,true
0x5D47E2,30,19.5479,0.77840375,9.240450000000003,true
0x5D47E2,31,13.8345,2.8245552286967426,9.245963999999994,true
0x5D47E2,32,19.9991,3.1108411789891397,9.251710999999993,true
0x5D47E2,33,22.0394,1.3284499408939017,9.257219999999997,true
0x5D47E2,34,14.6758,2.403921506892231,9.262155,true
0x5D47E2,35,34.7178,3.3944203808479534,9.267565000000012,true
0x5D839E,0,18.1735,2.1392709565580623,9.591232999999995,true
0x5D839E,1,19.9991,2.2531042898913958,9.598131000000002,true
0x5D839E,2,17.1866,0.37379136278195496,9.60422400000001,true
0x5D839E,3,25.9194,1.5083563251879704,9.609595000000006,true
0x5D839E,4,6.4226,1.484352744047619,9.614425000000004,true
0x5D839E,5,9.3859,0.3866325687134503,9.619519000000004,true
0x5D839E,6,30.8025,1.8277052725563911,9.625648000000005,true
0x5D839E,7,44.62,0.8573581077694234,9.632371,true
0x5D839E,8,7.1506,1.4894080050125313,9.638914000000007,true
0x5D839E,9,63.1297,1.065077207602339,9.645013999999996,true
0x5D839E,10,6.407,1.54076692413325,9.651406000000001,true
0x5D839E,11,29.6655,1.4485575877192978,9.656807000000008,true
0x5D839E,12,11.5266,0.40735331725146207,9.662531000000008,true
0x5D839E,13,20.3199,2.2531042898913958,9.669165999999997,true
0x5D839E,14,19.5543,2.198249289891396,9.67483099999999,true
0x5D839E,15,31.745,1.3016971292815371,9.682272000000005,true
0x5D839E,16,12.2341,0.9526994723788638,9.688527999999998,true
0x5D839E,17,84.8922,1.5800167368421056,9.694363000000003,true
0x5D839E,18,22.0394,0.9024436811821219,9.700207999999996,true
0x5D839E,19,10.2742,0.4572140190058479,9.705861000000006,true
0x5D839E,20,28.4449,1.4953536936090228,9.711709000000006,true
0x5D839E,21,19.5479,0.41067896929824566,9.717326000000007,true
0x5D839E,22,10.1507,0.5147069880952381,9.722512000000002,true
0x5D839E,23,36.6093,2.55974629887218,9.728303000000004,true
0x5D839E,24,11.6838,0.47255239035087726,9.733971000000004,true
0x5D839E,25,8.9003,0.5718766633249791,9.738752999999996,true
0x5D839E,26,11.6765,1.362683779239766,9.744087,true
0x5D839E,27,13.1219,0.44577165058479534,9.749876000000008,true
0x5D839E,28,14.6758,1.4676492982456142,9.756070999999999,true
0x5D839E,29,20.6883,0.6352310950292398,9.762234,true
0x5D839E,30,37.1604,2.6001234918546365,9.767609,true
0x5D839E,31,11.025,1.424517094298246,9.772540999999997,true
0x5D839E,32,9.7539,1.551750031328321,9.778889,true
0x5D839E,33,13.8345,1.4359390350877197,9.784472000000001,true
0x5D839E,34,19.5111,2.1693460881370092,9.789955999999997,true
0x5D839E,35,18.0025,1.8873587343358398,9.794817000000002,true
0x5D839E,36,34.7178,2.595245394266917,9.799602,true
0x5DC010,0,9.3859,1.275986856725146,9.819452000000005,true
0x5DC010,1,11.6765,2.1230755033416875,9.825182000000005,true
0x5DC010,2,11.6838,0.6273425939849624,9.831038,true
0x5DC010,3,20.6883,0.5900833834586467,9.836829000000002,true
0x5DC010,4,6.407,2.2358394580200502,9.842541000000004,true
0x5DC010,5,15.7524,0.6744900062656641,9.847934000000002,true
0x5DC010,6,9.7539,2.2358394580200502,9.852955000000001,true
0x5DC010,7,10.2742,1.2303931432748534,9.858972999999999,true
0x5DC010,8,34.7178,2.094149661236424,9.864539999999998,true
0x5DC010,9,30.8025,1.210101394736842,9.870345000000007,true
0x5DC010,10,28.4449,1.4191558684210523,9.875376999999993,true
0x5DC010,11,19.5479,0.7454687105263157,9.880281000000004,true
0x5DC010,12,13.8345,2.1230755033416875,9.885168999999998,true
0x5DC010,13,19.5543,2.6214430664160404,9.889985000000003,true
0x5DC010,14,10.1507,1.2595774064327483,9.895736000000007,true
0x5DC010,15,11.025,1.9904292119883042,9.901941999999998,true
0x5DC010,16,44.62,1.673340496867168,9.907812,true
0x5DC010,17,17.1866,0.9761533596491226,9.913793000000005,true
0x5DC010,18,19.5111,2.618286040100251,9.920603000000007,true
0x5DC010,19,13.1219,1.1490984320175435,9.926769,true
0x5DC010,20,14.6758,2.2037382769423557,9.933169,true
0x5DC010,21,6.4226,2.2358394580200502,9.939118,true
0x5DC010,22,11.5266,1.1469993530701752,9.944426,true
0x5DC010,23,37.1604,3.0222525427631575,9.949528999999991,true
0x5DC010,24,19.9991,2.6487650401002507,9.954500000000003,true
0x5DC010,25,18.0025,2.5873188032581456,9.959420999999999,true
0x5DC010,26,29.6655,1.4580831635338345,9.96554600000001,true
0x5DC010,27,84.8922,2.7305342731829576,9.970519000000003,true
0x5DC010,28,7.1506,2.1906048047201336,9.977032999999999,true
0x5DC010,29,18.1735,2.5653951190476194,9.981929000000001,true
0x5DC010,30,25.9194,1.0803597368421052,9.987637999999997,true
0x5DC010,31,12.2341,0.958836763784461,9.993520999999994,true
0x5DC010,32,36.6093,2.870532200657894,9.999491999999996,true
0x5DC010,33,63.1297,2.893529161340852,10.005357999999994,true
0x5DC010,34,8.9003,1.3112890935672514,10.010607,true
0x5DC010,35,22.0394,0.7361911842105262,10.015296999999997,true
0x5DC010,36,20.3199,2.6487650401002507,10.02003100000001,true
0x5DC010,37,31.745,1.7166325146198829,10.025477000000002,true
0x5DECFA,0,44.62,1.649679703007519,10.302054000000005,true
0x5DECFA,1,10.2742,2.5214278749999997,10.307786,true
0x5DECFA,2,25.9194,3.1886185679824552,10.313258999999995,true
0x5DECFA,3,6.4226,3.059743387531328,10.318317,true
0x5DECFA,4,29.6655,2.7746754707602337,10.323758999999988,true
0x5DECFA,5,18.0025,3.349964969193818,10.328743999999993,true
0x5DECFA,6,22.0394,3.1076152192982454,10.333537999999997,true
0x5DECFA,7,11.6765,2.9755760541979948,10.339997000000004,true
0x5DECFA,8,13.1219,2.5375292095864657,10.345840000000003,true
0x5DECFA,9,13.8345,2.920296339285714,10.351425999999996,true
0x5DECFA,10,15.7524,1.4067333543233083,10.357586000000005,true
0x5DECFA,11,11.6838,1.406216264254386,10.363311999999986,true
0x5DECFA,12,19.9991,3.582042235275689,10.368292000000004,true
0x5DECFA,13,28.4449,3.191115558114035,10.373683000000007,true
0x5DECFA,14,12.2341,2.837093494517544,10.37960300000001,true
0x5DECFA,15,18.1735,3.3903926300125313,10.387217,true
0x5DECFA,16,19.5111,3.582042235275689,10.392745999999995,true
0x5DECFA,17,9.7539,3.0615458787593988,10.398440999999998,true
0x5DECFA,18,17.1866,2.5068985676169584,10.403907999999994,true
0x5DECFA,19,10.1507,2.5046503206975768,10.409212000000004,true
0x5DECFA,20,9.3859,2.4524755065789474,10.414442000000001,true
0x5DECFA,21,36.6093,3.3615506896929817,10.419399000000006,true
0x5DECFA,22,19.5479,2.485176910087719,10.424585,true
0x5DECFA,23,37.1604,3.587338166666666,10.429372000000008,true
0x5DECFA,24,34.7178,3.7194697456140347,10.434401000000001,true
0x5DECFA,25,31.745,3.2465627456140345,10.439930999999994,true
0x5DECFA,26,84.8922,2.570951554511278,10.445502999999995,true
0x5DECFA,27,14.6758,3.0993262703634086,10.451225999999998,true
0x5DECFA,28,11.025,2.8387037528195487,10.456932000000002,true
0x5DECFA,29,6.407,3.0594671813909775,10.463073999999999,true
0x5DECFA,30,63.1297,1.9375836147660817,10.468893999999999,true
0x5DECFA,31,35.3518,3.3706633823621543,10.473858,true
0x5DECFA,32,20.6883,2.4373595317982453,10.480420000000002,true
0x5DECFA,33,11.5266,2.5096659577067664,10.485788000000007,true
0x5DECFA,34,20.3199,3.582042235275689,10.490929000000001,true
0x5DECFA,35,30.8025,3.204289708333333,10.495794999999994,true
0x5DECFA,36,8.9003,2.521402453947368,10.501429000000009,true
0x5DECFA,37,7.1506,3.0064412267126146,10.507281999999996,true
0x5DECFA,38,19.5543,3.4745669721177945,10.513058000000008,true
0x5E3876,0,10.2742,1.3598696728801167,10.53431100000001,true
0x5E3876,1,12.2341,0.8764814875730995,10.540171999999991,true
0x5E3876,2,29.6655,0.5509223713450291,10.545880000000004,true
0x5E3876,3,44.62,1.2481068165204676,10.551770999999995,true
0x5E3876,4,10.1507,1.3598696728801167,10.556711999999997,true
0x5E3876,5,31.745,2.924416993890977,10.561595000000004,true
0x5E3876,6,9.3859,1.3598696728801167,10.566594000000002,true
0x5E3876,7,19.5543,1.8684544110275687,10.573330000000006,true
0x5E3876,8,13.1219,0.7537113486842103,10.579069999999994,true
0x5E3876,9,6.4226,0.5187921076127819,10.585417,true
0x5E3876,10,18.1735,1.7048794110275687,10.590938000000001,true
0x5E3876,11,28.4449,1.5782196393065997,10.596588000000004,true
0x5E3876,12,36.6093,3.7460410051691726,10.602072,true
0x5E3876,13,34.7178,3.2237322332393474,10.607202000000008,true
0x5E3876,14,6.407,0.5761439121240601,10.612293000000001,true
0x5E3876,15,19.5479,0.7662840836466165,10.618806999999997,true
0x5E3876,16,35.3518,3.275117132988721,10.625042,true
0x5E3876,17,37.1604,3.6435838999060146,10.630425999999993,true
0x5E3876,18,9.7539,0.6363839152568922,10.63577,true
0x5E3876,19,14.6758,0.6673848496240602,10.641524999999994,true
0x5E3876,20,19.9991,1.8684544110275687,10.647084999999997,true
0x5E3876,21,8.9003,1.3598696728801167,10.652728000000003,true
0x5E3876,22,23.3066,1.5387039438178778,10.657770000000006,true
0x5E3876,23,13.8345,0.5515818614243942,10.663501000000004,true
0x5E3876,24,25.9194,1.5387039438178778,10.670309999999994,true
0x5E3876,25,63.1297,1.4407702694235585,10.675716000000001,true
0x5E3876,26,20.6883,0.8971870614035087,10.682628000000001,true
0x5E3876,27,11.6838,0.7803529459064327,10.688853000000002,true
0x5E3876,28,22.0394,1.4438195413533834,10.69482700000001,true
0x5E3876,29,17.1866,0.7835153731203006,10.701103999999994,true
0x5E3876,30,84.8922,1.8476002474937343,10.70662699999999,true
0x5E3876,31,7.1506,0.4772465770676691,10.711986000000003,true
0x5E3876,32,30.8025,1.5813217445697574,10.717080000000003,true
0x5E3876,33,20.3199,1.8684544110275687,10.721883999999996,true
0x5E3876,34,19.5111,1.8684544110275687,10.727793000000013,true
0x5E3876,35,18.0025,1.575865885547201,10.733092000000006,true
0x5E3876,36,11.5266,1.0262377302631578,10.738623999999994,true
0x5E3876,37,15.7524,0.9112210087719296,10.744847999999998,true
0x5E3876,38,11.6765,0.5031042167919799,10.750550000000011,true
0x5E3876,39,11.025,0.5362959758249791,10.755406999999998,true
0x5E769B,0,28.4449,2.7532063826754385,11.057133999999998,true
0x5E769B,1,13.1219,1.263672269371345,11.062838000000006,true
0x5E769B,2,22.0394,2.273946760964912,11.068357999999996,true
0x5E769B,3,29.6655,0.6168686608187134,11.07368300000001,true
0x5E769B,4,23.3066,2.090204173611111,11.079353000000005,true
0x5E769B,5,19.5111,2.646633925751879,11.085685000000005,true
0x5E769B,6,8.1679,1.6700946503759397,11.090781,true
0x5E769B,7,18.0025,2.388941162593985,11.095999999999997,true
0x5E769B,8,19.9991,2.7277679503968253,11.10076200000001,true
0x5E769B,9,37.1604,3.2583933493107766,11.105618999999997,true
0x5E769B,10,11.6838,2.0179113135964912,11.112198000000014,true
0x5E769B,11,12.2341,1.2318725185881367,11.116948,true
0x5E769B,12,25.9194,2.7473863662280698,11.121697000000005,true
0x5E769B,13,15.7524,2.013648479427736,11.12648699999999,true
0x5E769B,14,11.025,1.275412605263158,11.131204000000004,true
0x5E769B,15,11.6765,1.5795720977443608,11.136323999999995,true
0x5E769B,16,8.9003,1.372670056129908,11.141293000000012,true
0x5E769B,17,17.1866,1.1418179378654971,11.147129,true
0x5E769B,18,20.3199,2.7277679503968253,11.152804999999994,true
0x5E769B,19,13.8345,1.5898076428571428,11.158453999999999,true
0x5E769B,20,6.407,1.60783832518797,11.164178,true
0x5E769B,21,14.6758,2.098110072368421,11.169175000000003,true
0x5E769B,22,36.6093,2.857238052997076,11.173830000000002,true
0x5E769B,23,35.3518,2.9608643004385966,11.17861100000001,true
0x5E769B,24,7.1506,1.61054127443609,11.183473,true
0x5E769B,25,20.6883,2.1023659279970763,11.188375,true
0x5E769B,26,30.8025,2.7694826381578945,11.194452000000005,true
0x5E769B,27,31.745,2.513926932017544,11.200793999999995,true
0x5E769B,28,19.5479,1.1458991403508774,11.208300000000001,true
0x5E769B,29,10.2742,1.3145457435254806,11.214020999999995,true
0x5E769B,30,18.1735,2.5114556362781952,11.219094000000005,true
0x5E769B,31,34.7178,3.3460536124686713,11.224050999999996,true
0x5E769B,32,11.5266,1.3123507811194655,11.228901999999998,true
0x5E769B,33,10.1507,1.3106710912698414,11.233709000000012,true
0x5E769B,34,9.7539,1.6382544060150377,11.238500000000009,true
0x5E769B,35,44.62,0.7327210058479532,11.243199999999995,true
0x5E769B,36,6.4226,1.6067912546992482,11.248560000000005,true
0x5E769B,37,19.5543,2.7277679503968253,11.253718,true
0x5E769B,38,9.3859,1.2841697786131998,11.259512999999991,true
0x5E769B,39,63.1297,1.051200917293233,11.265358999999997,true
0x5E769B,40,84.8922,1.6466848684210524,11.270822000000003,true
0x5EB0D8,0,28.4449,1.0467445373851292,11.297758999999992,true
0x5EB0D8,1,29.6655,0.8913929782790309,11.303614000000003,true
0x5EB0D8,2,14.6758,1.1591963377192982,11.308321,true
0x5EB0D8,3,19.5479,0.971501052631579,11.313669999999995,true
0x5EB0D8,4,34.7178,2.1207794473684207,11.319342000000013,true
0x5EB0D8,5,17.1866,1.0240703947368421,11.326853000000007,true
0x5EB0D8,6,19.5111,1.8465286732456139,11.333260000000003,true
0x5EB0D8,7,31.745,1.6405356505847952,11.339243000000003,true
0x5EB0D8,8,19.5543,1.7921047258771927,11.344361000000013,true
0x5EB0D8,9,7.1506,0.8267340565998328,11.349241,true
0x5EB0D8,10,19.9991,1.8471707785087716,11.354668999999994,true
0x5EB0D8,11,11.5266,1.1001673538011694,11.360003999999996,true
0x5EB0D8,12,37.1604,3.4426210371762735,11.364622000000004,true
0x5EB0D8,13,12.2341,1.0056192105263158,11.369678,true
0x5EB0D8,14,22.0394,0.9054895321637426,11.375039999999991,true
0x5EB0D8,15,6.407,0.7992445595238096,11.380779999999994,true
0x5EB0D8,16,23.3066,1.0312069058061821,11.385793999999997,true
0x5EB0D8,17,11.025,0.688183,11.390435000000004,true
0x5EB0D8,18,20.3199,1.8475928837719298,11.396819999999998,true
0x5EB0D8,19,13.1219,1.1001673538011694,11.402870999999998,true
0x5EB0D8,20,10.2742,1.218367682748538,11.409158999999995,true
0x5EB0D8,21,18.0025,1.517323247180451,11.415175000000012,true
0x5EB0D8,22,11.6765,0.7143703665413534,11.421410000000002,true
0x5EB0D8,23,8.1679,0.9374987587719298,11.426757000000002,true
0x5EB0D8,24,13.8345,0.7858811340852132,11.432268999999998,true
0x5EB0D8,25,15.7524,0.6498921992481204,11.437475999999997,true
0x5EB0D8,26,84.8922,2.0490557674394316,11.442993000000008,true
0x5EB0D8,27,44.62,1.6622283264411024,11.44888799999999,true
0x5EB0D8,28,8.9003,1.2838368556808688,11.455301999999996,true
0x5EB0D8,29,18.1735,1.4958868749999998,11.460762999999993,true
0x5EB0D8,30,6.4226,0.8137046159147869,11.465599999999988,true
0x5EB0D8,31,30.8025,1.0529487479114452,11.470620000000004,true
0x5EB0D8,32,35.3518,2.8445870650584792,11.475429000000013,true
0x5EB0D8,33,25.9194,1.0346448005430244,11.480229999999999,true
0x5EB0D8,34,9.3859,1.2620265737259815,11.485020999999996,true
0x5EB0D8,35,10.1507,1.1587113011695906,11.491807000000001,true
0x5EB0D8,36,36.6093,3.5439161833751043,11.498209999999993,true
0x5EB0D8,37,63.1297,1.7855160895989974,11.504789999999993,true
0x5EB0D8,38,11.6838,0.4779486654135338,11.511274000000007,true
0x5EB0D8,39,18.4617,0.7358980534670007,11.516952999999994,true
0x5EB0D8,40,9.7539,0.9217391911027569,11.522744999999993,true
0x5EB0D8,41,20.6883,0.637358201754386,11.528271999999994,true
0x5EFAE7,0,17.1866,3.127043771929825,11.839933999999992,true
0x5EFAE7,1,84.8922,1.845955568609023,11.84736999999999,true
0x5EFAE7,2,8.9003,3.195626907894737,11.852629,true
0x5EFAE7,3,13.1219,3.0809748245614044,11.85793300000001,true
0x5EFAE7,4,6.4226,2.5768208333333336,11.862625000000001,true
0x5EFAE7,5,18.4617,2.5433670948203844,11.868423,true
0x5EFAE7,6,13.8345,3.077477324561404,11.874896999999997,true
0x5EFAE7,7,30.8025,2.4187069360902256,11.881247000000009,true
0x5EFAE7,8,36.6093,3.9761314818295737,11.886702000000007,true
0x5EFAE7,9,18.1735,3.1667446929824563,11.891562999999998,true
0x5EFAE7,10,9.3859,3.172906973684211,11.896758999999996,true
0x5EFAE7,11,23.3066,2.369730115914787,11.902109000000003,true
0x5EFAE7,12,11.6765,2.771679677318296,11.907557000000004,true
0x5EFAE7,13,25.9194,2.380706672932331,11.912286000000002,true
0x5EFAE7,14,14.6758,3.1287145614035095,11.918320999999999,true
0x5EFAE7,15,10.1507,3.047820877192982,11.924273000000007,true
0x5EFAE7,16,18.0025,3.1534393274853794,11.930196000000002,true
0x5EFAE7,17,28.4449,2.449709304511278,11.936053000000008,true
0x5EFAE7,18,11.025,2.4860573640350876,11.941222000000003,true
0x5EFAE7,19,11.5266,3.0788757456140354,11.947773000000005,true
0x5EFAE7,20,19.5479,3.113488377192983,11.953042000000003,true
0x5EFAE7,21,37.1604,3.976856613408521,11.959251000000002,true
0x5EFAE7,22,10.2742,3.081862521929825,11.96572100000001,true
0x5EFAE7,23,19.5111,3.2464100877192985,11.97253100000001,true
0x5EFAE7,24,19.9991,3.3311860087719296,11.97792599999999,true
0x5EFAE7,25,19.5543,3.3311860087719296,11.982727000000004,true
0x5EFAE7,26,31.745,2.7185887362155383,11.987423999999997,true
0x5EFAE7,27,29.6655,2.5210043603801173,11.992669999999997,true
0x5EFAE7,28,11.1169,3.0503635087719294,11.997768999999998,true
0x5EFAE7,29,22.0394,2.2382020363408515,12.002564,true
0x5EFAE7,30,35.3518,2.930927139724311,12.00755800000001,true
0x5EFAE7,31,8.1679,2.6055933552631587,12.013382999999997,true
0x5EFAE7,32,20.3199,3.3311860087719296,12.019490999999995,true
0x5EFAE7,33,6.407,2.605011983082707,12.025787999999999,true
0x5EFAE7,34,11.6838,2.1997702850877188,12.031386000000005,true
0x5EFAE7,35,15.7524,2.4446662061403512,12.037191999999997,true
0x5EFAE7,36,44.62,1.2263955921052632,12.044205999999996,true
0x5EFAE7,37,9.7539,2.6048744078947372,12.049776999999999,true
0x5EFAE7,38,20.6883,2.3695494956140353,12.055092000000009,true
0x5EFAE7,39,7.1506,2.5713631798245613,12.060512999999993,true
0x5EFAE7,40,63.1297,1.9172447026942359,12.066066,true
0x5EFAE7,41,34.7178,2.807711375313283,12.071648000000003,true
0x5EFAE7,42,12.2341,3.10154350877193,12.076409000000005,true
0x5F2972,0,30.8025,2.5775204010025066,12.099612999999998,true
0x5F2972,1,6.4226,1.5621813779239768,12.105823000000008,true
0x5F2972,2,28.4449,2.608522769423559,12.112950000000005,true
0x5F2972,3,8.1679,1.5929408187134506,12.119397999999997,true
0x5F2972,4,31.745,2.8774022011278193,12.12566499999999,true
0x5F2972,5,23.3066,2.528543580827068,12.131105999999996,true
0x5F2972,6,15.7524,2.0313288815789474,12.136698000000003,true
0x5F2972,7,84.8922,1.845955568609023,12.144214999999996,true
0x5F2972,8,9.7539,1.591564187134503,12.14979300000001,true
0x5F2972,9,19.9991,2.719695889724311,12.154751000000012,true
0x5F2972,10,37.1604,3.947910341478697,12.159626999999993,true
0x5F2972,11,8.8684,2.0484698236215535,12.165216000000008,true
0x5F2972,12,6.407,1.5863177360066836,12.170655000000004,true
0x5F2972,13,20.6883,1.9562121710526317,12.175378000000002,true
