Run Number,Run History Configuration ID,Instance ID,Response Value (y),Censored?,Cutoff Time Used,Seed,Runtime,Run Length,Run Result Code,Run Quality,SMAC Iteration,SMAC Cumulative Runtime,Run Result,Additional Algorithm Run Data,Wall Clock Time,
1,1,72,27.7635,0,10.0,-1,0.001,1.0,1,27.7635,0,0.001,SAT,,0.03,
2,1,19,12.5951,0,10.0,-1,0.001,1.0,1,12.5951,1,0.002,SAT,,0.029,
3,2,19,42.2132,0,10.0,-1,0.001,1.0,1,42.2132,1,0.003,SAT,,0.029,
4,1,6,51.7922,0,10.0,-1,0.001,1.0,1,51.7922,1,0.004,SAT,,0.028,
5,3,19,32.1794,0,10.0,-1,0.001,1.0,1,32.1794,1,0.005,SAT,,0.03,
6,1,64,50.0395,0,10.0,-1,0.001,1.0,1,50.0395,1,0.006,SAT,,0.029,
7,4,64,68.7637,0,10.0,-1,0.001,1.0,1,68.7637,1,0.007,SAT,,0.029,
8,1,33,23.7074,0,10.0,-1,0.001,1.0,1,23.7074,1,0.008,SAT,,0.03,
9,5,72,42.2767,0,10.0,-1,0.001,1.0,1,42.2767,1,0.009000000000000001,SAT,,0.029,
10,1,9,29.9268,0,10.0,-1,0.001,1.0,1,29.9268,1,0.010000000000000002,SAT,,0.029,
11,6,33,11.9782,0,10.0,-1,0.001,1.0,1,11.9782,1,0.011000000000000003,SAT,,0.029,
12,6,64,16.7008,0,10.0,-1,0.001,1.0,1,16.7008,1,0.012000000000000004,SAT,,0.029,
13,6,9,90.3584,0,10.0,-1,0.001,1.0,1,90.3584,1,0.013000000000000005,SAT,,0.029,
14,1,58,60.4265,0,10.0,-1,0.001,1.0,1,60.4265,2,0.014000000000000005,SAT,,0.028,
15,7,9,27.9773,0,10.0,-1,0.001,1.0,1,27.9773,2,0.015000000000000006,SAT,,0.029,
16,7,64,52.324,0,10.0,-1,0.001,1.0,1,52.324,2,0.016000000000000007,SAT,,0.028,
17,7,33,25.0162,0,10.0,-1,0.001,1.0,1,25.0162,2,0.017000000000000008,SAT,,0.028,
18,1,21,15.2368,0,10.0,-1,0.001,1.0,1,15.2368,2,0.01800000000000001,SAT,,0.029,
19,3,9,0.7287,0,10.0,-1,0.001,1.0,1,0.7287,2,0.01900000000000001,SAT,,0.029,
20,3,64,148.0972,0,10.0,-1,0.001,1.0,1,148.0972,2,0.02000000000000001,SAT,,0.029,
21,3,58,161.3565,0,10.0,-1,0.001,1.0,1,161.3565,2,0.02100000000000001,SAT,,0.03,
22,1,57,60.5514,0,10.0,-1,0.001,1.0,1,60.5514,2,0.022000000000000013,SAT,,0.029,
23,8,19,12.3066,0,10.0,-1,0.001,1.0,1,12.3066,2,0.023000000000000013,SAT,,0.028,
24,8,58,62.4991,0,10.0,-1,0.001,1.0,1,62.4991,2,0.024000000000000014,SAT,,0.029,
25,8,57,62.6263,0,10.0,-1,0.001,1.0,1,62.6263,2,0.025000000000000015,SAT,,0.029,
26,1,51,51.5134,0,10.0,-1,0.001,1.0,1,51.5134,3,0.026000000000000016,SAT,,0.029,
27,9,51,69.4868,0,10.0,-1,0.001,1.0,1,69.4868,3,0.027000000000000017,SAT,,0.029,
28,1,44,32.2511,0,10.0,-1,0.001,1.0,1,32.2511,3,0.028000000000000018,SAT,,0.028,
29,10,51,45.77,0,10.0,-1,0.001,1.0,1,45.77,3,0.02900000000000002,SAT,,0.029,
30,10,6,58.6717,0,10.0,-1,0.001,1.0,1,58.6717,3,0.03000000000000002,SAT,,0.028,
31,10,72,22.9984,0,10.0,-1,0.001,1.0,1,22.9984,3,0.03100000000000002,SAT,,0.03,
32,10,33,20.6046,0,10.0,-1,0.001,1.0,1,20.6046,3,0.03200000000000002,SAT,,0.029,
33,10,58,54.5235,0,10.0,-1,0.001,1.0,1,54.5235,3,0.03300000000000002,SAT,,0.028,
34,10,64,44.3863,0,10.0,-1,0.001,1.0,1,44.3863,3,0.03400000000000002,SAT,,0.029,
35,10,44,27.1529,0,10.0,-1,0.001,1.0,1,27.1529,3,0.035000000000000024,SAT,,0.03,
36,10,9,35.3404,0,10.0,-1,0.001,1.0,1,35.3404,3,0.036000000000000025,SAT,,0.029,
37,10,57,54.6414,0,10.0,-1,0.001,1.0,1,54.6414,3,0.037000000000000026,SAT,,0.03,
38,10,21,15.6784,0,10.0,-1,0.001,1.0,1,15.6784,3,0.03800000000000003,SAT,,0.029,
39,10,19,13.7663,0,10.0,-1,0.001,1.0,1,13.7663,3,0.03900000000000003,SAT,,0.029,
40,10,37,19.5327,0,10.0,-1,0.001,1.0,1,19.5327,4,0.04000000000000003,SAT,,0.029,
41,11,9,17.9249,0,10.0,-1,0.001,1.0,1,17.9249,4,0.04100000000000003,SAT,,0.029,
42,11,57,78.2157,0,10.0,-1,0.001,1.0,1,78.2157,4,0.04200000000000003,SAT,,0.031,
43,11,37,36.0745,0,10.0,-1,0.001,1.0,1,36.0745,4,0.04300000000000003,SAT,,0.029,
44,10,17,12.9391,0,10.0,-1,0.001,1.0,1,12.9391,4,0.04400000000000003,SAT,,0.029,
45,12,37,5.7664,0,10.0,-1,0.001,1.0,1,5.7664,4,0.04500000000000003,SAT,,0.03,
46,12,19,54.5085,0,10.0,-1,0.001,1.0,1,54.5085,4,0.046000000000000034,SAT,,0.029,
47,12,6,159.9684,0,10.0,-1,0.001,1.0,1,159.9684,4,0.047000000000000035,SAT,,0.028,
48,10,11,24.6695,0,10.0,-1,0.001,1.0,1,24.6695,4,0.048000000000000036,SAT,,0.028,
49,13,9,17.744,0,10.0,-1,0.001,1.0,1,17.744,4,0.04900000000000004,SAT,,0.029,
50,13,11,10.4738,0,10.0,-1,0.001,1.0,1,10.4738,4,0.05000000000000004,SAT,,0.029,
51,13,19,11.7202,0,10.0,-1,0.001,1.0,1,11.7202,4,0.05100000000000004,SAT,,0.029,
52,13,17,8.0735,0,10.0,-1,0.001,1.0,1,8.0735,4,0.05200000000000004,SAT,,0.03,
53,13,33,34.2249,0,10.0,-1,0.001,1.0,1,34.2249,4,0.05300000000000004,SAT,,0.029,
54,13,37,36.3212,0,10.0,-1,0.001,1.0,1,36.3212,4,0.05400000000000004,SAT,,0.028,
55,13,44,48.087,0,10.0,-1,0.001,1.0,1,48.087,4,0.05500000000000004,SAT,,0.028,
56,10,27,21.1892,0,10.0,-1,0.001,1.0,1,21.1892,5,0.05600000000000004,SAT,,0.029,
57,14,51,20.6312,0,10.0,-1,0.001,1.0,1,20.6312,5,0.057000000000000044,SAT,,0.029,
58,14,64,19.8,0,10.0,-1,0.001,1.0,1,19.8,5,0.058000000000000045,SAT,,0.029,
59,14,27,21.9802,0,10.0,-1,0.001,1.0,1,21.9802,5,0.059000000000000045,SAT,,0.029,
60,14,6,110.8309,0,10.0,-1,0.001,1.0,1,110.8309,5,0.060000000000000046,SAT,,0.029,
61,14,72,3.8506,0,10.0,-1,0.001,1.0,1,3.8506,5,0.06100000000000005,SAT,,0.029,
62,14,58,28.4076,0,10.0,-1,0.001,1.0,1,28.4076,5,0.06200000000000005,SAT,,0.029,
63,14,19,30.9699,0,10.0,-1,0.001,1.0,1,30.9699,5,0.06300000000000004,SAT,,0.029,
64,14,11,62.1702,0,10.0,-1,0.001,1.0,1,62.1702,5,0.06400000000000004,SAT,,0.028,
65,14,44,5.9655,0,10.0,-1,0.001,1.0,1,5.9655,5,0.06500000000000004,SAT,,0.029,
66,14,33,11.6355,0,10.0,-1,0.001,1.0,1,11.6355,5,0.06600000000000004,SAT,,0.029,
67,14,9,78.5224,0,10.0,-1,0.001,1.0,1,78.5224,5,0.06700000000000005,SAT,,0.029,
68,14,57,28.483,0,10.0,-1,0.001,1.0,1,28.483,5,0.06800000000000005,SAT,,0.029,
69,14,37,5.2708,0,10.0,-1,0.001,1.0,1,5.2708,5,0.06900000000000005,SAT,,0.029,
70,14,17,34.8528,0,10.0,-1,0.001,1.0,1,34.8528,5,0.07000000000000005,SAT,,0.029,
71,14,21,28.4147,0,10.0,-1,0.001,1.0,1,28.4147,5,0.07100000000000005,SAT,,0.029,
72,10,16,13.1832,0,10.0,-1,0.001,1.0,1,13.1832,5,0.07200000000000005,SAT,,0.03,
73,15,17,26.9151,0,10.0,-1,0.001,1.0,1,26.9151,5,0.07300000000000005,SAT,,0.029,
74,10,5,68.3817,0,10.0,-1,0.001,1.0,1,68.3817,6,0.07400000000000005,SAT,,0.029,
75,16,5,163.3888,0,10.0,-1,0.001,1.0,1,163.3888,6,0.07500000000000005,SAT,,0.028,
76,10,41,21.9535,0,10.0,-1,0.001,1.0,1,21.9535,6,0.07600000000000005,SAT,,0.029,
77,17,9,0.8479,0,10.0,-1,0.001,1.0,1,0.8479,6,0.07700000000000005,SAT,,0.03,
78,17,51,139.7502,0,10.0,-1,0.001,1.0,1,139.7502,6,0.07800000000000006,SAT,,0.029,
79,17,5,11.153,0,10.0,-1,0.001,1.0,1,11.153,6,0.07900000000000006,SAT,,0.03,
80,10,50,43.1421,0,10.0,-1,0.001,1.0,1,43.1421,6,0.08000000000000006,SAT,,0.028,
81,18,17,54.8063,0,10.0,-1,0.001,1.0,1,54.8063,6,0.08100000000000006,SAT,,0.029,
82,10,43,25.104,0,10.0,-1,0.001,1.0,1,25.104,6,0.08200000000000006,SAT,,0.029,
83,19,41,31.6016,0,10.0,-1,0.001,1.0,1,31.6016,6,0.08300000000000006,SAT,,0.028,
84,10,46,32.0228,0,10.0,-1,0.001,1.0,1,32.0228,6,0.08400000000000006,SAT,,0.03,
85,20,43,0.7794,0,10.0,-1,0.001,1.0,1,0.7794,6,0.08500000000000006,SAT,,0.029,
86,20,17,56.1317,0,10.0,-1,0.001,1.0,1,56.1317,6,0.08600000000000006,SAT,,0.03,
87,20,19,49.4398,0,10.0,-1,0.001,1.0,1,49.4398,6,0.08700000000000006,SAT,,0.029,
88,10,4,79.0167,0,10.0,-1,0.001,1.0,1,79.0167,7,0.08800000000000006,SAT,,0.029,
89,21,44,1.6979,0,10.0,-1,0.001,1.0,1,1.6979,7,0.08900000000000007,SAT,,0.029,
90,21,21,55.2778,0,10.0,-1,0.001,1.0,1,55.2778,7,0.09000000000000007,SAT,,0.029,
91,21,11,111.759,0,10.0,-1,0.001,1.0,1,111.759,7,0.09100000000000007,SAT,,0.029,
92,10,30,21.5784,0,10.0,-1,0.001,1.0,1,21.5784,7,0.09200000000000007,SAT,,0.028,
93,22,17,8.1485,0,10.0,-1,0.001,1.0,1,8.1485,7,0.09300000000000007,SAT,,0.028,
94,22,41,40.4466,0,10.0,-1,0.001,1.0,1,40.4466,7,0.09400000000000007,SAT,,0.029,
95,22,21,16.1644,0,10.0,-1,0.001,1.0,1,16.1644,7,0.09500000000000007,SAT,,0.028,
96,10,56,54.2555,0,10.0,-1,0.001,1.0,1,54.2555,7,0.09600000000000007,SAT,,0.029,
97,23,19,69.0015,0,10.0,-1,0.001,1.0,1,69.0015,7,0.09700000000000007,SAT,,0.028,
98,10,55,53.3798,0,10.0,-1,0.001,1.0,1,53.3798,7,0.09800000000000007,SAT,,0.029,
99,24,41,70.6021,0,10.0,-1,0.001,1.0,1,70.6021,7,0.09900000000000007,SAT,,0.029,
100,10,75,18.7964,0,10.0,-1,0.001,1.0,1,18.7964,8,0.10000000000000007,SAT,,0.028,
101,25,46,4.5272,0,10.0,-1,0.001,1.0,1,4.5272,8,0.10100000000000008,SAT,,0.029,
102,25,51,14.4802,0,10.0,-1,0.001,1.0,1,14.4802,8,0.10200000000000008,SAT,,0.028,
103,25,16,56.4518,0,10.0,-1,0.001,1.0,1,56.4518,8,0.10300000000000008,SAT,,0.028,
104,25,6,143.8137,0,10.0,-1,0.001,1.0,1,143.8137,8,0.10400000000000008,SAT,,0.029,
105,25,44,1.815,0,10.0,-1,0.001,1.0,1,1.815,8,0.10500000000000008,SAT,,0.029,
106,25,43,0.982,0,10.0,-1,0.001,1.0,1,0.982,8,0.10600000000000008,SAT,,0.029,
107,25,72,0.7326,0,10.0,-1,0.001,1.0,1,0.7326,8,0.10700000000000008,SAT,,0.028,
108,25,4,173.6304,0,10.0,-1,0.001,1.0,1,173.6304,8,0.10800000000000008,SAT,,0.029,
109,25,21,41.4388,0,10.0,-1,0.001,1.0,1,41.4388,8,0.10900000000000008,SAT,,0.028,
110,25,33,13.6708,0,10.0,-1,0.001,1.0,1,13.6708,8,0.11000000000000008,SAT,,0.03,
111,25,11,87.7319,0,10.0,-1,0.001,1.0,1,87.7319,8,0.11100000000000008,SAT,,0.028,
112,25,30,21.5839,0,10.0,-1,0.001,1.0,1,21.5839,8,0.11200000000000009,SAT,,0.03,
113,25,50,12.4283,0,10.0,-1,0.001,1.0,1,12.4283,8,0.11300000000000009,SAT,,0.029,
114,25,27,28.9568,0,10.0,-1,0.001,1.0,1,28.9568,8,0.11400000000000009,SAT,,0.029,
115,25,56,21.4572,0,10.0,-1,0.001,1.0,1,21.4572,8,0.11500000000000009,SAT,,0.028,
116,10,66,38.6885,0,10.0,-1,0.001,1.0,1,38.6885,8,0.11600000000000009,SAT,,0.029,
117,26,30,16.9381,0,10.0,-1,0.001,1.0,1,16.9381,8,0.11700000000000009,SAT,,0.029,
118,26,27,21.3031,0,10.0,-1,0.001,1.0,1,21.3031,8,0.11800000000000009,SAT,,0.029,
119,26,50,19.6863,0,10.0,-1,0.001,1.0,1,19.6863,8,0.11900000000000009,SAT,,0.029,
120,26,72,4.717,0,10.0,-1,0.001,1.0,1,4.717,8,0.12000000000000009,SAT,,0.029,
121,26,56,29.523,0,10.0,-1,0.001,1.0,1,29.523,8,0.1210000000000001,SAT,,0.028,
122,26,16,35.0413,0,10.0,-1,0.001,1.0,1,35.0413,8,0.1220000000000001,SAT,,0.029,
123,26,46,10.5382,0,10.0,-1,0.001,1.0,1,10.5382,8,0.1230000000000001,SAT,,0.028,
124,26,64,21.0874,0,10.0,-1,0.001,1.0,1,21.0874,8,0.1240000000000001,SAT,,0.029,
125,26,51,21.9614,0,10.0,-1,0.001,1.0,1,21.9614,8,0.12500000000000008,SAT,,0.029,
126,26,57,29.8921,0,10.0,-1,0.001,1.0,1,29.8921,8,0.12600000000000008,SAT,,0.03,
127,26,43,5.6857,0,10.0,-1,0.001,1.0,1,5.6857,8,0.12700000000000009,SAT,,0.028,
128,26,4,132.3234,0,10.0,-1,0.001,1.0,1,132.3234,8,0.12800000000000009,SAT,,0.03,
129,26,11,58.6512,0,10.0,-1,0.001,1.0,1,58.6512,8,0.1290000000000001,SAT,,0.057,
130,26,44,6.9899,0,10.0,-1,0.001,1.0,1,6.9899,8,0.1300000000000001,SAT,,0.03,
131,26,21,26.8128,0,10.0,-1,0.001,1.0,1,26.8128,8,0.1310000000000001,SAT,,0.03,
132,26,66,16.308,0,10.0,-1,0.001,1.0,1,16.308,8,0.1320000000000001,SAT,,0.055,
133,26,19,29.0222,0,10.0,-1,0.001,1.0,1,29.0222,8,0.1330000000000001,SAT,,0.03,
134,26,55,28.7201,0,10.0,-1,0.001,1.0,1,28.7201,8,0.1340000000000001,SAT,,0.028,
135,26,6,106.177,0,10.0,-1,0.001,1.0,1,106.177,8,0.1350000000000001,SAT,,0.029,
136,26,41,4.1927,0,10.0,-1,0.001,1.0,1,4.1927,8,0.1360000000000001,SAT,,0.028,
137,26,37,5.759,0,10.0,-1,0.001,1.0,1,5.759,8,0.1370000000000001,SAT,,0.028,
138,26,33,11.7139,0,10.0,-1,0.001,1.0,1,11.7139,8,0.1380000000000001,SAT,,0.029,
139,26,58,29.8135,0,10.0,-1,0.001,1.0,1,29.8135,8,0.1390000000000001,SAT,,0.028,
140,26,75,3.3205,0,10.0,-1,0.001,1.0,1,3.3205,8,0.1400000000000001,SAT,,0.028,
141,26,9,74.5635,0,10.0,-1,0.001,1.0,1,74.5635,8,0.1410000000000001,SAT,,0.029,
142,26,17,32.5404,0,10.0,-1,0.001,1.0,1,32.5404,8,0.1420000000000001,SAT,,0.029,
143,26,5,118.7597,0,10.0,-1,0.001,1.0,1,118.7597,8,0.1430000000000001,SAT,,0.029,
144,26,42,4.7462,0,10.0,-1,0.001,1.0,1,4.7462,9,0.1440000000000001,SAT,,0.029,
145,27,44,1.7703,0,10.0,-1,0.001,1.0,1,1.7703,9,0.1450000000000001,SAT,,0.029,
146,27,5,159.0857,0,10.0,-1,0.001,1.0,1,159.0857,9,0.1460000000000001,SAT,,0.029,
147,27,58,21.6581,0,10.0,-1,0.001,1.0,1,21.6581,9,0.1470000000000001,SAT,,0.028,
148,26,10,66.0986,0,10.0,-1,0.001,1.0,1,66.0986,9,0.1480000000000001,SAT,,0.029,
149,28,4,54.5262,0,10.0,-1,0.001,1.0,1,54.5262,9,0.1490000000000001,SAT,,0.03,
150,28,64,64.9393,0,10.0,-1,0.001,1.0,1,64.9393,9,0.1500000000000001,SAT,,0.029,
151,28,72,40.6012,0,10.0,-1,0.001,1.0,1,40.6012,9,0.1510000000000001,SAT,,0.029,
152,26,1,178.5187,0,10.0,-1,0.001,1.0,1,178.5187,9,0.1520000000000001,SAT,,0.029,
153,29,9,107.6841,0,10.0,-1,0.001,1.0,1,107.6841,9,0.1530000000000001,SAT,,0.027,
154,26,2,162.244,0,10.0,-1,0.001,1.0,1,162.244,9,0.1540000000000001,SAT,,0.029,
155,30,33,15.7477,0,10.0,-1,0.001,1.0,1,15.7477,9,0.1550000000000001,SAT,,0.029,
156,26,73,3.8494,0,10.0,-1,0.001,1.0,1,3.8494,10,0.1560000000000001,SAT,,0.028,
157,31,57,31.2145,0,10.0,-1,0.001,1.0,1,31.2145,10,0.1570000000000001,SAT,,0.029,
158,26,76,3.6547,0,10.0,-1,0.001,1.0,1,3.6547,10,0.1580000000000001,SAT,,0.03,
159,32,19,11.6774,0,10.0,-1,0.001,1.0,1,11.6774,10,0.1590000000000001,SAT,,0.029,
160,32,5,50.1156,0,10.0,-1,0.001,1.0,1,50.1156,10,0.16000000000000011,SAT,,0.029,
161,32,10,17.616,0,10.0,-1,0.001,1.0,1,17.616,10,0.16100000000000012,SAT,,0.028,
162,32,2,80.5215,0,10.0,-1,0.001,1.0,1,80.5215,10,0.16200000000000012,SAT,,0.029,
163,32,4,59.4016,0,10.0,-1,0.001,1.0,1,59.4016,10,0.16300000000000012,SAT,,0.029,
164,32,11,13.9555,0,10.0,-1,0.001,1.0,1,13.9555,10,0.16400000000000012,SAT,,0.029,
165,32,30,28.6537,0,10.0,-1,0.001,1.0,1,28.6537,10,0.16500000000000012,SAT,,0.029,
166,32,21,15.4879,0,10.0,-1,0.001,1.0,1,15.4879,10,0.16600000000000012,SAT,,0.029,
167,32,33,29.6375,0,10.0,-1,0.001,1.0,1,29.6375,10,0.16700000000000012,SAT,,0.03,
168,32,44,41.3779,0,10.0,-1,0.001,1.0,1,41.3779,10,0.16800000000000012,SAT,,0.03,
169,32,41,35.0719,0,10.0,-1,0.001,1.0,1,35.0719,10,0.16900000000000012,SAT,,0.029,
170,32,76,29.6671,0,10.0,-1,0.001,1.0,1,29.6671,10,0.17000000000000012,SAT,,0.029,
171,32,43,38.9859,0,10.0,-1,0.001,1.0,1,38.9859,10,0.17100000000000012,SAT,,0.029,
172,32,17,8.8487,0,10.0,-1,0.001,1.0,1,8.8487,10,0.17200000000000013,SAT,,0.036,
173,32,9,22.2122,0,10.0,-1,0.001,1.0,1,22.2122,10,0.17300000000000013,SAT,,0.03,
174,32,51,61.6741,0,10.0,-1,0.001,1.0,1,61.6741,10,0.17400000000000013,SAT,,0.029,
175,32,27,26.0746,0,10.0,-1,0.001,1.0,1,26.0746,10,0.17500000000000013,SAT,,0.03,
176,32,64,60.0557,0,10.0,-1,0.001,1.0,1,60.0557,10,0.17600000000000013,SAT,,0.029,
177,32,57,70.9788,0,10.0,-1,0.001,1.0,1,70.9788,10,0.17700000000000013,SAT,,0.029,
178,32,42,36.8768,0,10.0,-1,0.001,1.0,1,36.8768,10,0.17800000000000013,SAT,,0.031,
179,32,37,30.8147,0,10.0,-1,0.001,1.0,1,30.8147,10,0.17900000000000013,SAT,,0.029,
180,32,46,46.8565,0,10.0,-1,0.001,1.0,1,46.8565,10,0.18000000000000013,SAT,,0.029,
181,32,1,92.2731,0,10.0,-1,0.001,1.0,1,92.2731,10,0.18100000000000013,SAT,,0.03,
182,32,16,8.0534,0,10.0,-1,0.001,1.0,1,8.0534,10,0.18200000000000013,SAT,,0.029,
183,32,50,58.8837,0,10.0,-1,0.001,1.0,1,58.8837,10,0.18300000000000013,SAT,,0.057,
184,32,58,70.8429,0,10.0,-1,0.001,1.0,1,70.8429,10,0.18400000000000014,SAT,,0.029,
185,32,55,69.6759,0,10.0,-1,0.001,1.0,1,69.6759,10,0.18500000000000014,SAT,,0.028,
186,32,66,53.9349,0,10.0,-1,0.001,1.0,1,53.9349,10,0.18600000000000014,SAT,,0.028,
187,32,72,36.3567,0,10.0,-1,0.001,1.0,1,36.3567,10,0.18700000000000014,SAT,,0.03,
188,32,75,30.8625,0,10.0,-1,0.001,1.0,1,30.8625,10,0.18800000000000014,SAT,,0.029,
189,32,56,70.5851,0,10.0,-1,0.001,1.0,1,70.5851,10,0.18900000000000014,SAT,,0.028,
190,26,54,27.5129,0,10.0,-1,0.001,1.0,1,27.5129,11,0.19000000000000014,SAT,,0.029,
191,33,56,21.4262,0,10.0,-1,0.001,1.0,1,21.4262,11,0.19100000000000014,SAT,,0.029,
192,33,41,0.5335,0,10.0,-1,0.001,1.0,1,0.5335,11,0.19200000000000014,SAT,,0.028,
193,33,4,173.8991,0,10.0,-1,0.001,1.0,1,173.8991,11,0.19300000000000014,SAT,,0.029,
194,26,7,94.6052,0,10.0,-1,0.001,1.0,1,94.6052,11,0.19400000000000014,SAT,,0.028,
195,34,4,100.855,0,10.0,-1,0.001,1.0,1,100.855,11,0.19500000000000015,SAT,,0.029,
196,34,64,32.2379,0,10.0,-1,0.001,1.0,1,32.2379,11,0.19600000000000015,SAT,,0.029,
197,34,41,12.2621,0,10.0,-1,0.001,1.0,1,12.2621,11,0.19700000000000015,SAT,,0.028,
198,34,33,14.8485,0,10.0,-1,0.001,1.0,1,14.8485,11,0.19800000000000015,SAT,,0.028,
199,34,51,33.3954,0,10.0,-1,0.001,1.0,1,33.3954,11,0.19900000000000015,SAT,,0.029,
200,34,27,19.428,0,10.0,-1,0.001,1.0,1,19.428,11,0.20000000000000015,SAT,,0.029,
201,34,5,88.9207,0,10.0,-1,0.001,1.0,1,88.9207,11,0.20100000000000015,SAT,,0.028,
202,34,76,9.8703,0,10.0,-1,0.001,1.0,1,9.8703,11,0.20200000000000015,SAT,,0.03,
203,34,10,43.939,0,10.0,-1,0.001,1.0,1,43.939,11,0.20300000000000015,SAT,,0.028,
204,34,72,13.076,0,10.0,-1,0.001,1.0,1,13.076,11,0.20400000000000015,SAT,,0.03,
205,34,11,37.9341,0,10.0,-1,0.001,1.0,1,37.9341,11,0.20500000000000015,SAT,,0.028,
206,34,1,141.9753,0,10.0,-1,0.001,1.0,1,141.9753,11,0.20600000000000016,SAT,,0.029,
207,34,44,16.3957,0,10.0,-1,0.001,1.0,1,16.3957,11,0.20700000000000016,SAT,,0.029,
208,34,17,19.8237,0,10.0,-1,0.001,1.0,1,19.8237,11,0.20800000000000016,SAT,,0.029,
209,34,54,39.3488,0,10.0,-1,0.001,1.0,1,39.3488,11,0.20900000000000016,SAT,,0.029,
210,34,73,11.7193,0,10.0,-1,0.001,1.0,1,11.7193,11,0.21000000000000016,SAT,,0.029,
211,34,30,17.708,0,10.0,-1,0.001,1.0,1,17.708,11,0.21100000000000016,SAT,,0.029,
212,34,42,13.2922,0,10.0,-1,0.001,1.0,1,13.2922,11,0.21200000000000016,SAT,,0.029,
213,34,57,41.8495,0,10.0,-1,0.001,1.0,1,41.8495,11,0.21300000000000016,SAT,,0.029,
214,34,6,77.9362,0,10.0,-1,0.001,1.0,1,77.9362,11,0.21400000000000016,SAT,,0.03,
215,34,43,14.6772,0,10.0,-1,0.001,1.0,1,14.6772,11,0.21500000000000016,SAT,,0.028,
216,34,66,26.9475,0,10.0,-1,0.001,1.0,1,26.9475,11,0.21600000000000016,SAT,,0.029,
217,34,58,41.749,0,10.0,-1,0.001,1.0,1,41.749,11,0.21700000000000016,SAT,,0.029,
218,34,55,40.6276,0,10.0,-1,0.001,1.0,1,40.6276,11,0.21800000000000017,SAT,,0.029,
219,34,75,10.1187,0,10.0,-1,0.001,1.0,1,10.1187,11,0.21900000000000017,SAT,,0.029,
220,34,7,67.9314,0,10.0,-1,0.001,1.0,1,67.9314,11,0.22000000000000017,SAT,,0.029,
221,34,9,50.9304,0,10.0,-1,0.001,1.0,1,50.9304,11,0.22100000000000017,SAT,,0.029,
222,34,16,21.0691,0,10.0,-1,0.001,1.0,1,21.0691,11,0.22200000000000017,SAT,,0.03,
223,34,56,41.471,0,10.0,-1,0.001,1.0,1,41.471,11,0.22300000000000017,SAT,,0.029,
224,34,19,18.7231,0,10.0,-1,0.001,1.0,1,18.7231,11,0.22400000000000017,SAT,,0.029,
225,34,37,11.6102,0,10.0,-1,0.001,1.0,1,11.6102,11,0.22500000000000017,SAT,,0.028,
226,34,46,20.6793,0,10.0,-1,0.001,1.0,1,20.6793,11,0.22600000000000017,SAT,,0.028,
227,34,50,30.924,0,10.0,-1,0.001,1.0,1,30.924,11,0.22700000000000017,SAT,,0.029,
228,34,2,127.4234,0,10.0,-1,0.001,1.0,1,127.4234,11,0.22800000000000017,SAT,,0.028,
229,34,21,18.8066,0,10.0,-1,0.001,1.0,1,18.8066,11,0.22900000000000018,SAT,,0.029,
230,34,48,25.7138,0,10.0,-1,0.001,1.0,1,25.7138,12,0.23000000000000018,SAT,,0.029,
231,35,5,83.3165,0,10.0,-1,0.001,1.0,1,83.3165,12,0.23100000000000018,SAT,,0.029,
232,35,42,15.6267,0,10.0,-1,0.001,1.0,1,15.6267,12,0.23200000000000018,SAT,,0.029,
233,35,48,28.5045,0,10.0,-1,0.001,1.0,1,28.5045,12,0.23300000000000018,SAT,,0.028,
234,35,51,36.3272,0,10.0,-1,0.001,1.0,1,36.3272,12,0.23400000000000018,SAT,,0.029,
235,35,30,18.4343,0,10.0,-1,0.001,1.0,1,18.4343,12,0.23500000000000018,SAT,,0.029,
236,35,9,46.6097,0,10.0,-1,0.001,1.0,1,46.6097,12,0.23600000000000018,SAT,,0.029,
237,35,55,43.6573,0,10.0,-1,0.001,1.0,1,43.6573,12,0.23700000000000018,SAT,,0.028,
238,34,47,23.1361,0,10.0,-1,0.001,1.0,1,23.1361,12,0.23800000000000018,SAT,,0.028,
239,36,47,152.9937,0,10.0,-1,0.001,1.0,1,152.9937,12,0.23900000000000018,SAT,,0.028,
240,34,18,19.0754,0,10.0,-1,0.001,1.0,1,19.0754,13,0.24000000000000019,SAT,,0.029,
241,37,48,24.889,0,10.0,-1,0.001,1.0,1,24.889,13,0.2410000000000002,SAT,,0.029,
242,37,27,19.4119,0,10.0,-1,0.001,1.0,1,19.4119,13,0.2420000000000002,SAT,,0.029,
243,37,55,39.7288,0,10.0,-1,0.001,1.0,1,39.7288,13,0.2430000000000002,SAT,,0.03,
244,37,6,79.6087,0,10.0,-1,0.001,1.0,1,79.6087,13,0.2440000000000002,SAT,,0.029,
245,37,57,40.9475,0,10.0,-1,0.001,1.0,1,40.9475,13,0.2450000000000002,SAT,,0.029,
246,37,76,9.336,0,10.0,-1,0.001,1.0,1,9.336,13,0.2460000000000002,SAT,,0.028,
247,37,72,12.4045,0,10.0,-1,0.001,1.0,1,12.4045,13,0.2470000000000002,SAT,,0.029,
248,37,41,11.6091,0,10.0,-1,0.001,1.0,1,11.6091,13,0.2480000000000002,SAT,,0.028,
249,37,43,13.9651,0,10.0,-1,0.001,1.0,1,13.9651,13,0.2490000000000002,SAT,,0.028,
250,37,54,38.4546,0,10.0,-1,0.001,1.0,1,38.4546,13,0.25000000000000017,SAT,,0.029,
251,37,50,30.0682,0,10.0,-1,0.001,1.0,1,30.0682,13,0.25100000000000017,SAT,,0.029,
252,37,18,19.6752,0,10.0,-1,0.001,1.0,1,19.6752,13,0.25200000000000017,SAT,,0.029,
253,37,33,14.5116,0,10.0,-1,0.001,1.0,1,14.5116,13,0.25300000000000017,SAT,,0.029,
254,37,66,26.13,0,10.0,-1,0.001,1.0,1,26.13,13,0.25400000000000017,SAT,,0.028,
255,37,9,52.3078,0,10.0,-1,0.001,1.0,1,52.3078,13,0.25500000000000017,SAT,,0.029,
256,37,10,45.222,0,10.0,-1,0.001,1.0,1,45.222,13,0.25600000000000017,SAT,,0.029,
257,37,46,19.8936,0,10.0,-1,0.001,1.0,1,19.8936,13,0.2570000000000002,SAT,,0.028,
258,37,5,90.6955,0,10.0,-1,0.001,1.0,1,90.6955,13,0.2580000000000002,SAT,,0.029,
259,37,1,144.1795,0,10.0,-1,0.001,1.0,1,144.1795,13,0.2590000000000002,SAT,,0.028,
260,37,4,102.7342,0,10.0,-1,0.001,1.0,1,102.7342,13,0.2600000000000002,SAT,,0.028,
261,37,56,40.5696,0,10.0,-1,0.001,1.0,1,40.5696,13,0.2610000000000002,SAT,,0.028,
262,37,73,11.0791,0,10.0,-1,0.001,1.0,1,11.0791,13,0.2620000000000002,SAT,,0.029,
263,37,64,31.3876,0,10.0,-1,0.001,1.0,1,31.3876,13,0.2630000000000002,SAT,,0.028,
264,37,58,40.8484,0,10.0,-1,0.001,1.0,1,40.8484,13,0.2640000000000002,SAT,,0.028,
265,37,17,20.502,0,10.0,-1,0.001,1.0,1,20.502,13,0.2650000000000002,SAT,,0.029,
266,37,2,129.5173,0,10.0,-1,0.001,1.0,1,129.5173,13,0.2660000000000002,SAT,,0.028,
267,37,16,21.8277,0,10.0,-1,0.001,1.0,1,21.8277,13,0.2670000000000002,SAT,,0.028,
268,37,51,32.527,0,10.0,-1,0.001,1.0,1,32.527,13,0.2680000000000002,SAT,,0.028,
269,37,11,39.1247,0,10.0,-1,0.001,1.0,1,39.1247,13,0.2690000000000002,SAT,,0.03,
270,37,42,12.6087,0,10.0,-1,0.001,1.0,1,12.6087,13,0.2700000000000002,SAT,,0.028,
271,37,47,22.3299,0,10.0,-1,0.001,1.0,1,22.3299,13,0.2710000000000002,SAT,,0.028,
272,34,38,11.2952,0,10.0,-1,0.001,1.0,1,11.2952,13,0.2720000000000002,SAT,,0.029,
273,38,44,103.7355,0,10.0,-1,0.001,1.0,1,103.7355,13,0.2730000000000002,SAT,,0.028,
274,34,36,12.1785,0,10.0,-1,0.001,1.0,1,12.1785,14,0.2740000000000002,SAT,,0.028,
275,39,17,20.337,0,10.0,-1,0.001,1.0,1,20.337,14,0.2750000000000002,SAT,,0.028,
276,34,28,19.0329,0,10.0,-1,0.001,1.0,1,19.0329,14,0.2760000000000002,SAT,,0.029,
277,40,38,7.5036,0,10.0,-1,0.001,1.0,1,7.5036,14,0.2770000000000002,SAT,,0.029,
278,40,7,174.8017,0,10.0,-1,0.001,1.0,1,174.8017,14,0.2780000000000002,SAT,,0.029,
279,40,2,261.5091,0,10.0,-1,0.001,1.0,1,261.5091,14,0.2790000000000002,SAT,,0.03,
280,34,23,19.3244,0,10.0,-1,0.001,1.0,1,19.3244,14,0.2800000000000002,SAT,,0.028,
281,41,7,69.1946,0,10.0,-1,0.001,1.0,1,69.1946,14,0.2810000000000002,SAT,,0.029,
282,34,31,16.8286,0,10.0,-1,0.001,1.0,1,16.8286,14,0.2820000000000002,SAT,,0.03,
283,42,57,153.6201,0,10.0,-1,0.001,1.0,1,153.6201,14,0.2830000000000002,SAT,,0.028,
284,34,12,32.8827,0,10.0,-1,0.001,1.0,1,32.8827,15,0.2840000000000002,SAT,,0.028,
285,43,23,37.6063,0,10.0,-1,0.001,1.0,1,37.6063,15,0.2850000000000002,SAT,,0.029,
286,34,25,19.6657,0,10.0,-1,0.001,1.0,1,19.6657,15,0.2860000000000002,SAT,,0.029,
287,44,30,28.0685,0,10.0,-1,0.001,1.0,1,28.0685,15,0.2870000000000002,SAT,,0.029,
288,34,26,19.6351,0,10.0,-1,0.001,1.0,1,19.6351,15,0.2880000000000002,SAT,,0.028,
289,45,5,159.0093,0,10.0,-1,0.001,1.0,1,159.0093,15,0.2890000000000002,SAT,,0.029,
290,34,59,41.1713,0,10.0,-1,0.001,1.0,1,41.1713,15,0.2900000000000002,SAT,,0.029,
291,46,48,9.4658,0,10.0,-1,0.001,1.0,1,9.4658,15,0.2910000000000002,SAT,,0.029,
292,46,16,50.1868,0,10.0,-1,0.001,1.0,1,50.1868,15,0.2920000000000002,SAT,,0.029,
293,46,9,97.7749,0,10.0,-1,0.001,1.0,1,97.7749,15,0.2930000000000002,SAT,,0.028,
294,34,61,38.6693,0,10.0,-1,0.001,1.0,1,38.6693,16,0.2940000000000002,SAT,,0.029,
295,47,7,134.4988,0,10.0,-1,0.001,1.0,1,134.4988,16,0.2950000000000002,SAT,,0.03,
296,34,71,14.7824,0,10.0,-1,0.001,1.0,1,14.7824,16,0.2960000000000002,SAT,,0.03,
297,48,38,69.1355,0,10.0,-1,0.001,1.0,1,69.1355,16,0.2970000000000002,SAT,,0.029,
298,34,34,13.8578,0,10.0,-1,0.001,1.0,1,13.8578,16,0.2980000000000002,SAT,,0.029,
299,49,37,4.8936,0,10.0,-1,0.001,1.0,1,4.8936,16,0.2990000000000002,SAT,,0.028,
300,49,43,0.809,0,10.0,-1,0.001,1.0,1,0.809,16,0.3000000000000002,SAT,,0.029,
301,49,73,0.4055,0,10.0,-1,0.001,1.0,1,0.4055,16,0.3010000000000002,SAT,,0.03,
302,49,64,13.4531,0,10.0,-1,0.001,1.0,1,13.4531,16,0.3020000000000002,SAT,,0.03,
303,49,10,101.0121,0,10.0,-1,0.001,1.0,1,101.0121,16,0.3030000000000002,SAT,,0.028,
304,49,75,1.2455,0,10.0,-1,0.001,1.0,1,1.2455,16,0.3040000000000002,SAT,,0.029,
305,49,44,1.584,0,10.0,-1,0.001,1.0,1,1.584,16,0.3050000000000002,SAT,,0.029,
306,49,57,21.2271,0,10.0,-1,0.001,1.0,1,21.2271,16,0.3060000000000002,SAT,,0.028,
307,49,12,83.4569,0,10.0,-1,0.001,1.0,1,83.4569,16,0.3070000000000002,SAT,,0.029,
308,49,27,30.3066,0,10.0,-1,0.001,1.0,1,30.3066,16,0.3080000000000002,SAT,,0.029,
309,49,46,4.1932,0,10.0,-1,0.001,1.0,1,4.1932,16,0.3090000000000002,SAT,,0.028,
310,49,21,43.6478,0,10.0,-1,0.001,1.0,1,43.6478,16,0.3100000000000002,SAT,,0.029,
311,49,23,39.2276,0,10.0,-1,0.001,1.0,1,39.2276,16,0.3110000000000002,SAT,,0.03,
312,49,11,91.7222,0,10.0,-1,0.001,1.0,1,91.7222,16,0.3120000000000002,SAT,,0.029,
313,49,51,13.965,0,10.0,-1,0.001,1.0,1,13.965,16,0.3130000000000002,SAT,,0.029,
314,34,14,25.4378,0,10.0,-1,0.001,1.0,1,25.4378,17,0.3140000000000002,SAT,,0.028,
315,50,4,221.0896,0,10.0,-1,0.001,1.0,1,221.0896,17,0.3150000000000002,SAT,,0.028,
316,34,8,58.9265,0,10.0,-1,0.001,1.0,1,58.9265,17,0.3160000000000002,SAT,,0.029,
317,51,71,111.1533,0,10.0,-1,0.001,1.0,1,111.1533,17,0.3170000000000002,SAT,,0.029,
318,34,49,28.3365,0,10.0,-1,0.001,1.0,1,28.3365,17,0.3180000000000002,SAT,,0.028,
319,52,48,7.4391,0,10.0,-1,0.001,1.0,1,7.4391,17,0.31900000000000023,SAT,,0.029,
320,52,11,122.9,0,10.0,-1,0.001,1.0,1,122.9,17,0.32000000000000023,SAT,,0.029,
321,52,71,2.855,0,10.0,-1,0.001,1.0,1,2.855,17,0.32100000000000023,SAT,,0.028,
322,34,68,21.5968,0,10.0,-1,0.001,1.0,1,21.5968,17,0.32200000000000023,SAT,,0.028,
323,53,43,51.293,0,10.0,-1,0.001,1.0,1,51.293,17,0.32300000000000023,SAT,,0.029,
324,34,69,19.0957,0,10.0,-1,0.001,1.0,1,19.0957,18,0.32400000000000023,SAT,,0.028,
325,54,61,37.9204,0,10.0,-1,0.001,1.0,1,37.9204,18,0.32500000000000023,SAT,,0.029,
326,54,66,26.2551,0,10.0,-1,0.001,1.0,1,26.2551,18,0.32600000000000023,SAT,,0.028,
327,54,58,40.9864,0,10.0,-1,0.001,1.0,1,40.9864,18,0.32700000000000023,SAT,,0.029,
328,54,16,21.7093,0,10.0,-1,0.001,1.0,1,21.7093,18,0.32800000000000024,SAT,,0.029,
329,54,10,45.0225,0,10.0,-1,0.001,1.0,1,45.0225,18,0.32900000000000024,SAT,,0.029,
330,54,8,60.1713,0,10.0,-1,0.001,1.0,1,60.1713,18,0.33000000000000024,SAT,,0.029,
331,54,28,18.9686,0,10.0,-1,0.001,1.0,1,18.9686,18,0.33100000000000024,SAT,,0.028,
332,34,62,36.8243,0,10.0,-1,0.001,1.0,1,36.8243,18,0.33200000000000024,SAT,,0.03,
333,55,49,13.301,0,10.0,-1,0.001,1.0,1,13.301,18,0.33300000000000024,SAT,,0.029,
334,55,8,99.3803,0,10.0,-1,0.001,1.0,1,99.3803,18,0.33400000000000024,SAT,,0.028,
335,55,41,1.7411,0,10.0,-1,0.001,1.0,1,1.7411,18,0.33500000000000024,SAT,,0.028,
336,34,22,19.0536,0,10.0,-1,0.001,1.0,1,19.0536,19,0.33600000000000024,SAT,,0.029,
337,56,14,96.2741,0,10.0,-1,0.001,1.0,1,96.2741,19,0.33700000000000024,SAT,,0.029,
338,34,20,18.666,0,10.0,-1,0.001,1.0,1,18.666,19,0.33800000000000024,SAT,,0.029,
339,57,41,4.7712,0,10.0,-1,0.001,1.0,1,4.7712,19,0.33900000000000025,SAT,,0.029,
340,57,11,135.4589,0,10.0,-1,0.001,1.0,1,135.4589,19,0.34000000000000025,SAT,,0.057,
341,57,59,19.7693,0,10.0,-1,0.001,1.0,1,19.7693,19,0.34100000000000025,SAT,,0.029,
342,34,74,10.7319,0,10.0,-1,0.001,1.0,1,10.7319,19,0.34200000000000025,SAT,,0.029,
343,58,18,73.3514,0,10.0,-1,0.001,1.0,1,73.3514,19,0.34300000000000025,SAT,,0.028,
344,34,70,16.8047,0,10.0,-1,0.001,1.0,1,16.8047,19,0.34400000000000025,SAT,,0.028,
345,59,76,106.8569,0,10.0,-1,0.001,1.0,1,106.8569,19,0.34500000000000025,SAT,,0.028,
346,34,13,28.7376,0,10.0,-1,0.001,1.0,1,28.7376,20,0.34600000000000025,SAT,,0.029,
347,60,7,174.5815,0,10.0,-1,0.001,1.0,1,174.5815,20,0.34700000000000025,SAT,,0.029,
348,34,40,11.5934,0,10.0,-1,0.001,1.0,1,11.5934,20,0.34800000000000025,SAT,,0.028,
349,61,8,97.6226,0,10.0,-1,0.001,1.0,1,97.6226,20,0.34900000000000025,SAT,,0.029,
350,34,45,18.4126,0,10.0,-1,0.001,1.0,1,18.4126,20,0.35000000000000026,SAT,,0.03,
351,62,76,6.8677,0,10.0,-1,0.001,1.0,1,6.8677,20,0.35100000000000026,SAT,,0.029,
352,62,18,75.2224,0,10.0,-1,0.001,1.0,1,75.2224,20,0.35200000000000026,SAT,,0.028,
353,62,47,5.9494,0,10.0,-1,0.001,1.0,1,5.9494,20,0.35300000000000026,SAT,,0.028,
354,34,67,24.2393,0,10.0,-1,0.001,1.0,1,24.2393,20,0.35400000000000026,SAT,,0.029,
355,63,26,20.7116,0,10.0,-1,0.001,1.0,1,20.7116,20,0.35500000000000026,SAT,,0.029,
356,34,52,35.6715,0,10.0,-1,0.001,1.0,1,35.6715,21,0.35600000000000026,SAT,,0.029,
357,64,12,112.8903,0,10.0,-1,0.001,1.0,1,112.8903,21,0.35700000000000026,SAT,,0.028,
358,34,53,37.6781,0,10.0,-1,0.001,1.0,1,37.6781,21,0.35800000000000026,SAT,,0.028,
359,65,44,1.4222,0,10.0,-1,0.001,1.0,1,1.4222,21,0.35900000000000026,SAT,,0.029,
360,65,69,3.5499,0,10.0,-1,0.001,1.0,1,3.5499,21,0.36000000000000026,SAT,,0.029,
361,65,73,0.5084,0,10.0,-1,0.001,1.0,1,0.5084,21,0.36100000000000027,SAT,,0.029,
362,65,49,9.4325,0,10.0,-1,0.001,1.0,1,9.4325,21,0.36200000000000027,SAT,,0.029,
363,65,34,12.4689,0,10.0,-1,0.001,1.0,1,12.4689,21,0.36300000000000027,SAT,,0.028,
364,65,9,116.8926,0,10.0,-1,0.001,1.0,1,116.8926,21,0.36400000000000027,SAT,,0.081,
365,65,47,5.5753,0,10.0,-1,0.001,1.0,1,5.5753,21,0.36500000000000027,SAT,,0.028,
366,65,4,186.0113,0,10.0,-1,0.001,1.0,1,186.0113,21,0.36600000000000027,SAT,,0.028,
367,65,26,34.6088,0,10.0,-1,0.001,1.0,1,34.6088,21,0.36700000000000027,SAT,,0.028,
368,65,50,11.463,0,10.0,-1,0.001,1.0,1,11.463,21,0.36800000000000027,SAT,,0.028,
369,65,64,12.9906,0,10.0,-1,0.001,1.0,1,12.9906,21,0.36900000000000027,SAT,,0.028,
370,65,40,1.1378,0,10.0,-1,0.001,1.0,1,1.1378,21,0.3700000000000003,SAT,,0.028,
371,65,18,55.2962,0,10.0,-1,0.001,1.0,1,55.2962,21,0.3710000000000003,SAT,,0.027,
372,65,66,8.9519,0,10.0,-1,0.001,1.0,1,8.9519,21,0.3720000000000003,SAT,,0.054,
373,65,27,32.0894,0,10.0,-1,0.001,1.0,1,32.0894,21,0.3730000000000003,SAT,,0.028,
374,34,35,12.9473,0,10.0,-1,0.001,1.0,1,12.9473,22,0.3740000000000003,SAT,,0.029,
375,50,11,122.8974,0,10.0,-1,0.001,1.0,1,122.8974,22,0.3750000000000003,SAT,,0.029,
376,34,15,22.9096,0,10.0,-1,0.001,1.0,1,22.9096,22,0.3760000000000003,SAT,,0.028,
377,66,48,64.7297,0,10.0,-1,0.001,1.0,1,64.7297,22,0.3770000000000003,SAT,,0.028,
378,34,3,113.7028,0,10.0,-1,0.001,1.0,1,113.7028,22,0.3780000000000003,SAT,,0.029,
379,67,9,145.4229,0,10.0,-1,0.001,1.0,1,145.4229,22,0.3790000000000003,SAT,,0.028,
380,34,63,34.6576,0,10.0,-1,0.001,1.0,1,34.6576,22,0.3800000000000003,SAT,,0.028,
381,68,62,48.6373,0,10.0,-1,0.001,1.0,1,48.6373,22,0.3810000000000003,SAT,,0.082,
382,34,65,29.641,0,10.0,-1,0.001,1.0,1,29.641,22,0.3820000000000003,SAT,,0.029,
383,69,6,187.4625,0,10.0,-1,0.001,1.0,1,187.4625,22,0.3830000000000003,SAT,,0.028,
384,34,39,11.2783,0,10.0,-1,0.001,1.0,1,11.2783,23,0.3840000000000003,SAT,,0.029,
385,70,9,123.7373,0,10.0,-1,0.001,1.0,1,123.7373,23,0.3850000000000003,SAT,,0.029,
386,34,32,15.8581,0,10.0,-1,0.001,1.0,1,15.8581,23,0.3860000000000003,SAT,,0.028,
387,71,38,34.1756,0,10.0,-1,0.001,1.0,1,34.1756,23,0.3870000000000003,SAT,,0.029,
388,34,60,40.1338,0,10.0,-1,0.001,1.0,1,40.1338,23,0.3880000000000003,SAT,,0.03,
389,72,13,86.3071,0,10.0,-1,0.001,1.0,1,86.3071,23,0.3890000000000003,SAT,,0.029,
390,34,29,18.4533,0,10.0,-1,0.001,1.0,1,18.4533,23,0.3900000000000003,SAT,,0.028,
391,73,28,26.4472,0,10.0,-1,0.001,1.0,1,26.4472,23,0.3910000000000003,SAT,,0.028,
392,34,24,19.5477,0,10.0,-1,0.001,1.0,1,19.5477,23,0.3920000000000003,SAT,,0.029,
393,74,20,52.7473,0,10.0,-1,0.001,1.0,1,52.7473,23,0.3930000000000003,SAT,,0.055,
394,75,33,21.5296,0,10.0,-1,0.001,1.0,1,21.5296,24,0.3940000000000003,SAT,,0.029,
395,76,50,48.2793,0,10.0,-1,0.001,1.0,1,48.2793,24,0.3950000000000003,SAT,,0.029,
396,77,5,203.6055,0,10.0,-1,0.001,1.0,1,203.6055,24,0.3960000000000003,SAT,,0.028,
397,78,58,19.7865,0,10.0,-1,0.001,1.0,1,19.7865,24,0.3970000000000003,SAT,,0.03,
398,78,46,3.7327,0,10.0,-1,0.001,1.0,1,3.7327,24,0.3980000000000003,SAT,,0.029,
399,78,39,3.0488,0,10.0,-1,0.001,1.0,1,3.0488,24,0.3990000000000003,SAT,,0.029,
400,78,8,140.5931,0,10.0,-1,0.001,1.0,1,140.5931,24,0.4000000000000003,SAT,,0.029,
401,78,12,98.2474,0,10.0,-1,0.001,1.0,1,98.2474,24,0.4010000000000003,SAT,,0.029,
402,78,7,153.8913,0,10.0,-1,0.001,1.0,1,153.8913,24,0.4020000000000003,SAT,,0.028,
403,78,67,6.7443,0,10.0,-1,0.001,1.0,1,6.7443,24,0.4030000000000003,SAT,,0.029,
404,79,31,28.5363,0,10.0,-1,0.001,1.0,1,28.5363,25,0.4040000000000003,SAT,,0.029,
405,80,60,46.7043,0,10.0,-1,0.001,1.0,1,46.7043,25,0.4050000000000003,SAT,,0.029,
406,81,52,14.6113,0,10.0,-1,0.001,1.0,1,14.6113,25,0.4060000000000003,SAT,,0.028,
407,81,56,19.268,0,10.0,-1,0.001,1.0,1,19.268,25,0.4070000000000003,SAT,,0.029,
408,81,69,4.4543,0,10.0,-1,0.001,1.0,1,4.4543,25,0.4080000000000003,SAT,,0.028,
409,81,59,19.1826,0,10.0,-1,0.001,1.0,1,19.1826,25,0.4090000000000003,SAT,,0.028,
410,81,76,6.4435,0,10.0,-1,0.001,1.0,1,6.4435,25,0.4100000000000003,SAT,,0.029,
411,81,1,278.6032,0,10.0,-1,0.001,1.0,1,278.6032,25,0.4110000000000003,SAT,,0.029,
412,81,42,2.2323,0,10.0,-1,0.001,1.0,1,2.2323,25,0.4120000000000003,SAT,,0.028,
413,82,64,14.7993,0,10.0,-1,0.001,1.0,1,14.7993,25,0.4130000000000003,SAT,,0.03,
414,82,56,22.4938,0,10.0,-1,0.001,1.0,1,22.4938,25,0.4140000000000003,SAT,,0.087,
415,82,67,8.3694,0,10.0,-1,0.001,1.0,1,8.3694,25,0.4150000000000003,SAT,,0.811,
416,82,73,0.6093,0,10.0,-1,0.001,1.0,1,0.6093,25,0.4160000000000003,SAT,,0.06,
417,82,46,5.1879,0,10.0,-1,0.001,1.0,1,5.1879,25,0.4170000000000003,SAT,,0.055,
418,82,23,34.6582,0,10.0,-1,0.001,1.0,1,34.6582,25,0.4180000000000003,SAT,,0.029,
419,82,17,48.4276,0,10.0,-1,0.001,1.0,1,48.4276,25,0.4190000000000003,SAT,,0.028,
420,82,58,22.7959,0,10.0,-1,0.001,1.0,1,22.7959,25,0.4200000000000003,SAT,,0.029,
421,82,2,198.6682,0,10.0,-1,0.001,1.0,1,198.6682,25,0.4210000000000003,SAT,,0.029,
422,82,26,29.1452,0,10.0,-1,0.001,1.0,1,29.1452,25,0.4220000000000003,SAT,,0.029,
423,82,66,10.4946,0,10.0,-1,0.001,1.0,1,10.4946,25,0.4230000000000003,SAT,,0.029,
424,82,32,15.3436,0,10.0,-1,0.001,1.0,1,15.3436,25,0.4240000000000003,SAT,,0.029,
425,82,19,42.6632,0,10.0,-1,0.001,1.0,1,42.6632,25,0.4250000000000003,SAT,,0.03,
426,82,68,6.3699,0,10.0,-1,0.001,1.0,1,6.3699,25,0.4260000000000003,SAT,,0.029,
427,82,75,1.0762,0,10.0,-1,0.001,1.0,1,1.0762,25,0.4270000000000003,SAT,,0.029,
428,83,10,133.5359,0,10.0,-1,0.001,1.0,1,133.5359,26,0.4280000000000003,SAT,,0.029,
429,84,59,68.2036,0,10.0,-1,0.001,1.0,1,68.2036,26,0.4290000000000003,SAT,,0.028,
430,85,58,19.5879,0,10.0,-1,0.001,1.0,1,19.5879,26,0.4300000000000003,SAT,,0.03,
431,85,49,9.2075,0,10.0,-1,0.001,1.0,1,9.2075,26,0.4310000000000003,SAT,,0.037,
432,85,8,158.2581,0,10.0,-1,0.001,1.0,1,158.2581,26,0.43200000000000033,SAT,,0.029,
433,86,37,27.8137,0,10.0,-1,0.001,1.0,1,27.8137,26,0.43300000000000033,SAT,,0.029,
434,87,75,4.7887,0,10.0,-1,0.001,1.0,1,4.7887,26,0.43400000000000033,SAT,,0.08,
435,87,33,21.5217,0,10.0,-1,0.001,1.0,1,21.5217,26,0.43500000000000033,SAT,,0.028,
436,87,19,69.4091,0,10.0,-1,0.001,1.0,1,69.4091,26,0.43600000000000033,SAT,,0.029,
437,88,24,20.7854,0,10.0,-1,0.001,1.0,1,20.7854,26,0.43700000000000033,SAT,,0.113,
438,77,63,14.3838,0,10.0,-1,0.001,1.0,1,14.3838,27,0.43800000000000033,SAT,,0.029,
439,89,44,11.9568,0,10.0,-1,0.001,1.0,1,11.9568,27,0.43900000000000033,SAT,,0.029,
440,89,62,31.5045,0,10.0,-1,0.001,1.0,1,31.5045,27,0.44000000000000034,SAT,,0.028,
441,89,68,16.9106,0,10.0,-1,0.001,1.0,1,16.9106,27,0.44100000000000034,SAT,,0.029,
442,89,26,20.2494,0,10.0,-1,0.001,1.0,1,20.2494,27,0.44200000000000034,SAT,,0.029,
443,89,50,25.7278,0,10.0,-1,0.001,1.0,1,25.7278,27,0.44300000000000034,SAT,,0.029,
444,89,43,10.4095,0,10.0,-1,0.001,1.0,1,10.4095,27,0.44400000000000034,SAT,,0.028,
445,89,16,26.2938,0,10.0,-1,0.001,1.0,1,26.2938,27,0.44500000000000034,SAT,,0.03,
446,89,32,14.3244,0,10.0,-1,0.001,1.0,1,14.3244,27,0.44600000000000034,SAT,,0.029,
447,89,76,6.7501,0,10.0,-1,0.001,1.0,1,6.7501,27,0.44700000000000034,SAT,,0.029,
448,89,67,19.4153,0,10.0,-1,0.001,1.0,1,19.4153,27,0.44800000000000034,SAT,,0.029,
449,89,20,21.8921,0,10.0,-1,0.001,1.0,1,21.8921,27,0.44900000000000034,SAT,,0.029,
450,89,14,31.7391,0,10.0,-1,0.001,1.0,1,31.7391,27,0.45000000000000034,SAT,,0.029,
451,89,13,35.5966,0,10.0,-1,0.001,1.0,1,35.5966,27,0.45100000000000035,SAT,,0.028,
452,89,35,10.5134,0,10.0,-1,0.001,1.0,1,10.5134,27,0.45200000000000035,SAT,,0.029,
453,89,45,13.8152,0,10.0,-1,0.001,1.0,1,13.8152,27,0.45300000000000035,SAT,,0.029,
454,89,59,35.7085,0,10.0,-1,0.001,1.0,1,35.7085,27,0.45400000000000035,SAT,,0.028,
455,89,24,20.9812,0,10.0,-1,0.001,1.0,1,20.9812,27,0.45500000000000035,SAT,,0.028,
456,89,2,141.2662,0,10.0,-1,0.001,1.0,1,141.2662,27,0.45600000000000035,SAT,,0.03,
457,89,52,30.3259,0,10.0,-1,0.001,1.0,1,30.3259,27,0.45700000000000035,SAT,,0.028,
458,89,25,20.6832,0,10.0,-1,0.001,1.0,1,20.6832,27,0.45800000000000035,SAT,,0.029,
459,89,12,40.3122,0,10.0,-1,0.001,1.0,1,40.3122,27,0.45900000000000035,SAT,,0.029,
460,89,11,45.9469,0,10.0,-1,0.001,1.0,1,45.9469,27,0.46000000000000035,SAT,,0.029,
461,89,69,14.5602,0,10.0,-1,0.001,1.0,1,14.5602,27,0.46100000000000035,SAT,,0.028,
462,89,70,12.4327,0,10.0,-1,0.001,1.0,1,12.4327,27,0.46200000000000035,SAT,,0.028,
463,89,34,11.7111,0,10.0,-1,0.001,1.0,1,11.7111,27,0.46300000000000036,SAT,,0.03,
464,89,53,32.2771,0,10.0,-1,0.001,1.0,1,32.2771,27,0.46400000000000036,SAT,,0.029,
465,89,39,7.8245,0,10.0,-1,0.001,1.0,1,7.8245,27,0.46500000000000036,SAT,,0.029,
466,89,37,8.6406,0,10.0,-1,0.001,1.0,1,8.6406,27,0.46600000000000036,SAT,,0.029,
467,89,55,35.1545,0,10.0,-1,0.001,1.0,1,35.1545,27,0.46700000000000036,SAT,,0.028,
468,89,61,33.289,0,10.0,-1,0.001,1.0,1,33.289,27,0.46800000000000036,SAT,,0.028,
469,89,31,15.6207,0,10.0,-1,0.001,1.0,1,15.6207,27,0.46900000000000036,SAT,,0.029,
470,89,23,21.1866,0,10.0,-1,0.001,1.0,1,21.1866,27,0.47000000000000036,SAT,,0.029,
471,89,1,156.5302,0,10.0,-1,0.001,1.0,1,156.5302,27,0.47100000000000036,SAT,,0.029,
472,89,64,27.0777,0,10.0,-1,0.001,1.0,1,27.0777,27,0.47200000000000036,SAT,,0.028,
473,89,4,113.3121,0,10.0,-1,0.001,1.0,1,113.3121,27,0.47300000000000036,SAT,,0.029,
474,89,75,6.7577,0,10.0,-1,0.001,1.0,1,6.7577,27,0.47400000000000037,SAT,,0.029,
475,89,38,8.0771,0,10.0,-1,0.001,1.0,1,8.0771,27,0.47500000000000037,SAT,,0.029,
476,89,41,8.3756,0,10.0,-1,0.001,1.0,1,8.3756,27,0.47600000000000037,SAT,,0.029,
477,89,21,21.5652,0,10.0,-1,0.001,1.0,1,21.5652,27,0.47700000000000037,SAT,,0.029,
478,89,10,52.5481,0,10.0,-1,0.001,1.0,1,52.5481,27,0.47800000000000037,SAT,,0.028,
479,89,48,20.7185,0,10.0,-1,0.001,1.0,1,20.7185,27,0.47900000000000037,SAT,,0.03,
480,89,66,21.9986,0,10.0,-1,0.001,1.0,1,21.9986,27,0.48000000000000037,SAT,,0.028,
481,89,47,18.2605,0,10.0,-1,0.001,1.0,1,18.2605,27,0.48100000000000037,SAT,,0.029,
482,89,7,78.4066,0,10.0,-1,0.001,1.0,1,78.4066,27,0.4820000000000004,SAT,,0.028,
483,89,54,33.9053,0,10.0,-1,0.001,1.0,1,33.9053,27,0.4830000000000004,SAT,,0.029,
484,89,27,19.6522,0,10.0,-1,0.001,1.0,1,19.6522,27,0.4840000000000004,SAT,,0.03,
485,89,17,24.5295,0,10.0,-1,0.001,1.0,1,24.5295,27,0.4850000000000004,SAT,,0.028,
486,89,5,100.7042,0,10.0,-1,0.001,1.0,1,100.7042,27,0.4860000000000004,SAT,,0.028,
487,89,57,36.3558,0,10.0,-1,0.001,1.0,1,36.3558,27,0.4870000000000004,SAT,,0.03,
488,89,19,22.4295,0,10.0,-1,0.001,1.0,1,22.4295,27,0.4880000000000004,SAT,,0.029,
489,89,72,9.0698,0,10.0,-1,0.001,1.0,1,9.0698,27,0.4890000000000004,SAT,,0.029,
490,89,30,16.8388,0,10.0,-1,0.001,1.0,1,16.8388,27,0.4900000000000004,SAT,,0.028,
491,89,58,36.2643,0,10.0,-1,0.001,1.0,1,36.2643,27,0.4910000000000004,SAT,,0.03,
492,89,51,28.1181,0,10.0,-1,0.001,1.0,1,28.1181,27,0.4920000000000004,SAT,,0.03,
493,89,56,35.9812,0,10.0,-1,0.001,1.0,1,35.9812,27,0.4930000000000004,SAT,,0.028,
494,89,60,34.7058,0,10.0,-1,0.001,1.0,1,34.7058,27,0.4940000000000004,SAT,,0.029,
495,89,3,126.8463,0,10.0,-1,0.001,1.0,1,126.8463,27,0.4950000000000004,SAT,,0.03,
496,89,33,13.0019,0,10.0,-1,0.001,1.0,1,13.0019,27,0.4960000000000004,SAT,,0.029,
497,89,40,7.9168,0,10.0,-1,0.001,1.0,1,7.9168,27,0.4970000000000004,SAT,,0.028,
498,89,29,17.9358,0,10.0,-1,0.001,1.0,1,17.9358,27,0.4980000000000004,SAT,,0.029,
499,89,46,15.9364,0,10.0,-1,0.001,1.0,1,15.9364,27,0.4990000000000004,SAT,,0.029,
500,89,6,89.0592,0,10.0,-1,0.001,1.0,1,89.0592,27,0.5000000000000003,SAT,,0.029,
501,89,42,9.2087,0,10.0,-1,0.001,1.0,1,9.2087,27,0.5010000000000003,SAT,,0.028,
502,89,15,28.6662,0,10.0,-1,0.001,1.0,1,28.6662,27,0.5020000000000003,SAT,,0.029,
503,89,8,68.7668,0,10.0,-1,0.001,1.0,1,68.7668,27,0.5030000000000003,SAT,,0.03,
504,89,22,21.3576,0,10.0,-1,0.001,1.0,1,21.3576,27,0.5040000000000003,SAT,,0.029,
505,89,28,18.8797,0,10.0,-1,0.001,1.0,1,18.8797,27,0.5050000000000003,SAT,,0.029,
506,89,49,23.2343,0,10.0,-1,0.001,1.0,1,23.2343,27,0.5060000000000003,SAT,,0.029,
507,89,18,23.275,0,10.0,-1,0.001,1.0,1,23.275,27,0.5070000000000003,SAT,,0.028,
508,89,9,60.1487,0,10.0,-1,0.001,1.0,1,60.1487,27,0.5080000000000003,SAT,,0.028,
509,89,36,9.4704,0,10.0,-1,0.001,1.0,1,9.4704,27,0.5090000000000003,SAT,,0.028,
510,89,63,29.4112,0,10.0,-1,0.001,1.0,1,29.4112,27,0.5100000000000003,SAT,,0.028,
511,89,74,7.1429,0,10.0,-1,0.001,1.0,1,7.1429,27,0.5110000000000003,SAT,,0.029,
512,89,71,10.5869,0,10.0,-1,0.001,1.0,1,10.5869,27,0.5120000000000003,SAT,,0.03,
513,89,73,7.9153,0,10.0,-1,0.001,1.0,1,7.9153,27,0.5130000000000003,SAT,,0.029,
514,89,65,24.58,0,10.0,-1,0.001,1.0,1,24.58,27,0.5140000000000003,SAT,,0.028,
515,90,7,134.5436,0,10.0,-1,0.001,1.0,1,134.5436,28,0.5150000000000003,SAT,,0.029,
516,91,12,28.7401,0,10.0,-1,0.001,1.0,1,28.7401,28,0.5160000000000003,SAT,,0.029,
517,91,65,33.1021,0,10.0,-1,0.001,1.0,1,33.1021,28,0.5170000000000003,SAT,,0.029,
518,91,59,44.877,0,10.0,-1,0.001,1.0,1,44.877,28,0.5180000000000003,SAT,,0.028,
519,92,1,230.5489,0,10.0,-1,0.001,1.0,1,230.5489,28,0.5190000000000003,SAT,,0.029,
520,93,28,87.6697,0,10.0,-1,0.001,1.0,1,87.6697,28,0.5200000000000004,SAT,,0.029,
521,94,71,1.3164,0,10.0,-1,0.001,1.0,1,1.3164,28,0.5210000000000004,SAT,,0.028,
522,94,49,9.889,0,10.0,-1,0.001,1.0,1,9.889,28,0.5220000000000004,SAT,,0.028,
523,94,66,9.3422,0,10.0,-1,0.001,1.0,1,9.3422,28,0.5230000000000004,SAT,,0.029,
524,94,47,5.9339,0,10.0,-1,0.001,1.0,1,5.9339,28,0.5240000000000004,SAT,,0.029,
525,94,54,19.0263,0,10.0,-1,0.001,1.0,1,19.0263,28,0.5250000000000004,SAT,,0.029,
526,94,50,11.9601,0,10.0,-1,0.001,1.0,1,11.9601,28,0.5260000000000004,SAT,,0.029,
527,94,3,195.5034,0,10.0,-1,0.001,1.0,1,195.5034,28,0.5270000000000004,SAT,,0.029,
528,94,33,14.2883,0,10.0,-1,0.001,1.0,1,14.2883,28,0.5280000000000004,SAT,,0.03,
529,94,1,231.5308,0,10.0,-1,0.001,1.0,1,231.5308,28,0.5290000000000004,SAT,,0.029,
530,94,35,9.1606,0,10.0,-1,0.001,1.0,1,9.1606,28,0.5300000000000004,SAT,,0.029,
531,94,32,17.0173,0,10.0,-1,0.001,1.0,1,17.0173,28,0.5310000000000004,SAT,,0.03,
532,94,48,7.8536,0,10.0,-1,0.001,1.0,1,7.8536,28,0.5320000000000004,SAT,,0.029,
533,94,69,3.7617,0,10.0,-1,0.001,1.0,1,3.7617,28,0.5330000000000004,SAT,,0.028,
534,94,36,6.8847,0,10.0,-1,0.001,1.0,1,6.8847,28,0.5340000000000004,SAT,,0.029,
535,94,14,69.6453,0,10.0,-1,0.001,1.0,1,69.6453,28,0.5350000000000004,SAT,,0.029,
536,95,24,26.0188,0,10.0,-1,0.001,1.0,1,26.0188,29,0.5360000000000004,SAT,,0.029,
537,96,3,149.2203,0,10.0,-1,0.001,1.0,1,149.2203,29,0.5370000000000004,SAT,,0.029,
538,97,24,25.9181,0,10.0,-1,0.001,1.0,1,25.9181,29,0.5380000000000004,SAT,,0.028,
539,98,14,33.2056,0,10.0,-1,0.001,1.0,1,33.2056,29,0.5390000000000004,SAT,,0.029,
540,99,57,28.0655,0,10.0,-1,0.001,1.0,1,28.0655,29,0.5400000000000004,SAT,,0.03,
541,99,37,5.14,0,10.0,-1,0.001,1.0,1,5.14,29,0.5410000000000004,SAT,,0.029,
542,99,69,8.088,0,10.0,-1,0.001,1.0,1,8.088,29,0.5420000000000004,SAT,,0.03,
543,99,28,20.7235,0,10.0,-1,0.001,1.0,1,20.7235,29,0.5430000000000004,SAT,,0.029,
544,99,54,25.7103,0,10.0,-1,0.001,1.0,1,25.7103,29,0.5440000000000004,SAT,,0.029,
545,99,13,50.7466,0,10.0,-1,0.001,1.0,1,50.7466,29,0.5450000000000004,SAT,,0.029,
546,99,51,20.2383,0,10.0,-1,0.001,1.0,1,20.2383,29,0.5460000000000004,SAT,,0.029,
547,99,47,11.1432,0,10.0,-1,0.001,1.0,1,11.1432,29,0.5470000000000004,SAT,,0.028,
548,99,17,35.5936,0,10.0,-1,0.001,1.0,1,35.5936,29,0.5480000000000004,SAT,,0.029,
549,99,21,28.9344,0,10.0,-1,0.001,1.0,1,28.9344,29,0.5490000000000004,SAT,,0.028,
550,99,34,9.772,0,10.0,-1,0.001,1.0,1,9.772,29,0.5500000000000004,SAT,,0.029,
551,99,12,56.5448,0,10.0,-1,0.001,1.0,1,56.5448,29,0.5510000000000004,SAT,,0.028,
552,99,24,25.8357,0,10.0,-1,0.001,1.0,1,25.8357,29,0.5520000000000004,SAT,,0.029,
553,99,4,139.0851,0,10.0,-1,0.001,1.0,1,139.0851,29,0.5530000000000004,SAT,,0.028,
554,99,43,4.4456,0,10.0,-1,0.001,1.0,1,4.4456,29,0.5540000000000004,SAT,,0.03,
555,50,38,7.1248,0,10.0,-1,0.001,1.0,1,7.1248,30,0.5550000000000004,SAT,,0.028,
556,100,35,133.1669,0,10.0,-1,0.001,1.0,1,133.1669,30,0.5560000000000004,SAT,,0.029,
557,101,37,9.4086,0,10.0,-1,0.001,1.0,1,9.4086,30,0.5570000000000004,SAT,,0.029,
558,102,41,21.9284,0,10.0,-1,0.001,1.0,1,21.9284,30,0.5580000000000004,SAT,,0.029,
559,67,73,2.8938,0,10.0,-1,0.001,1.0,1,2.8938,30,0.5590000000000004,SAT,,0.028,
560,103,39,120.3093,0,10.0,-1,0.001,1.0,1,120.3093,30,0.5600000000000004,SAT,,0.03,
561,104,10,133.5536,0,10.0,-1,0.001,1.0,1,133.5536,30,0.5610000000000004,SAT,,0.029,
562,105,21,67.7053,0,10.0,-1,0.001,1.0,1,67.7053,30,0.5620000000000004,SAT,,0.028,
563,83,5,203.6895,0,10.0,-1,0.001,1.0,1,203.6895,30,0.5630000000000004,SAT,,0.027,
564,106,8,1.8426,0,10.0,-1,0.001,1.0,1,1.8426,30,0.5640000000000004,SAT,,0.03,
565,106,41,107.4611,0,10.0,-1,0.001,1.0,1,107.4611,30,0.5650000000000004,SAT,,0.028,
566,106,69,121.495,0,10.0,-1,0.001,1.0,1,121.495,30,0.5660000000000004,SAT,,0.029,
567,107,73,3.5461,0,10.0,-1,0.001,1.0,1,3.5461,31,0.5670000000000004,SAT,,0.028,
568,107,60,27.8142,0,10.0,-1,0.001,1.0,1,27.8142,31,0.5680000000000004,SAT,,0.029,
569,107,75,3.0766,0,10.0,-1,0.001,1.0,1,3.0766,31,0.5690000000000004,SAT,,0.03,
570,107,68,11.1712,0,10.0,-1,0.001,1.0,1,11.1712,31,0.5700000000000004,SAT,,0.029,
571,107,67,13.4619,0,10.0,-1,0.001,1.0,1,13.4619,31,0.5710000000000004,SAT,,0.029,
572,107,29,18.6713,0,10.0,-1,0.001,1.0,1,18.6713,31,0.5720000000000004,SAT,,0.03,
573,107,18,31.3377,0,10.0,-1,0.001,1.0,1,31.3377,31,0.5730000000000004,SAT,,0.029,
574,107,2,164.3071,0,10.0,-1,0.001,1.0,1,164.3071,31,0.5740000000000004,SAT,,0.029,
575,107,8,85.5907,0,10.0,-1,0.001,1.0,1,85.5907,31,0.5750000000000004,SAT,,0.029,
576,107,56,28.9936,0,10.0,-1,0.001,1.0,1,28.9936,31,0.5760000000000004,SAT,,0.029,
577,107,51,21.4605,0,10.0,-1,0.001,1.0,1,21.4605,31,0.5770000000000004,SAT,,0.029,
578,107,31,15.2841,0,10.0,-1,0.001,1.0,1,15.2841,31,0.5780000000000004,SAT,,0.028,
579,107,7,96.2167,0,10.0,-1,0.001,1.0,1,96.2167,31,0.5790000000000004,SAT,,0.029,
580,107,3,148.801,0,10.0,-1,0.001,1.0,1,148.801,31,0.5800000000000004,SAT,,0.029,
581,107,16,35.9487,0,10.0,-1,0.001,1.0,1,35.9487,31,0.5810000000000004,SAT,,0.029,
582,108,4,117.7093,0,10.0,-1,0.001,1.0,1,117.7093,31,0.5820000000000004,SAT,,0.029,
583,16,64,13.4607,0,10.0,-1,0.001,1.0,1,13.4607,32,0.5830000000000004,SAT,,0.029,
584,109,24,57.7844,0,10.0,-1,0.001,1.0,1,57.7844,32,0.5840000000000004,SAT,,0.03,
585,110,43,0.8136,0,10.0,-1,0.001,1.0,1,0.8136,32,0.5850000000000004,SAT,,0.029,
586,110,73,0.4045,0,10.0,-1,0.001,1.0,1,0.4045,32,0.5860000000000004,SAT,,0.028,
587,110,75,1.2393,0,10.0,-1,0.001,1.0,1,1.2393,32,0.5870000000000004,SAT,,0.029,
588,110,10,100.8635,0,10.0,-1,0.001,1.0,1,100.8635,32,0.5880000000000004,SAT,,0.028,
589,110,51,13.9815,0,10.0,-1,0.001,1.0,1,13.9815,32,0.5890000000000004,SAT,,0.029,
590,110,23,39.1592,0,10.0,-1,0.001,1.0,1,39.1592,32,0.5900000000000004,SAT,,0.028,
591,110,11,91.5807,0,10.0,-1,0.001,1.0,1,91.5807,32,0.5910000000000004,SAT,,0.029,
592,111,12,50.4325,0,10.0,-1,0.001,1.0,1,50.4325,32,0.5920000000000004,SAT,,0.029,
593,104,47,5.8067,0,10.0,-1,0.001,1.0,1,5.8067,33,0.5930000000000004,SAT,,0.029,
594,112,36,6.6383,0,10.0,-1,0.001,1.0,1,6.6383,33,0.5940000000000004,SAT,,0.029,
595,112,23,37.8537,0,10.0,-1,0.001,1.0,1,37.8537,33,0.5950000000000004,SAT,,0.029,
596,112,30,21.8526,0,10.0,-1,0.001,1.0,1,21.8526,33,0.5960000000000004,SAT,,0.029,
597,83,23,55.4218,0,10.0,-1,0.001,1.0,1,55.4218,33,0.5970000000000004,SAT,,0.028,
598,113,70,25.218,0,10.0,-1,0.001,1.0,1,25.218,33,0.5980000000000004,SAT,,0.029,
599,114,39,5.2218,0,10.0,-1,0.001,1.0,1,5.2218,33,0.5990000000000004,SAT,,0.029,
600,114,34,18.1664,0,10.0,-1,0.001,1.0,1,18.1664,33,0.6000000000000004,SAT,,0.03,
601,114,69,4.4615,0,10.0,-1,0.001,1.0,1,4.4615,33,0.6010000000000004,SAT,,0.029,
602,114,8,158.2877,0,10.0,-1,0.001,1.0,1,158.2877,33,0.6020000000000004,SAT,,0.029,
603,114,11,122.8046,0,10.0,-1,0.001,1.0,1,122.8046,33,0.6030000000000004,SAT,,0.029,
604,114,56,19.2696,0,10.0,-1,0.001,1.0,1,19.2696,33,0.6040000000000004,SAT,,0.028,
605,114,3,239.2576,0,10.0,-1,0.001,1.0,1,239.2576,33,0.6050000000000004,SAT,,0.03,
606,115,20,65.5735,0,10.0,-1,0.001,1.0,1,65.5735,34,0.6060000000000004,SAT,,0.027,
607,116,45,4.2965,0,10.0,-1,0.001,1.0,1,4.2965,34,0.6070000000000004,SAT,,0.033,
608,116,47,6.6198,0,10.0,-1,0.001,1.0,1,6.6198,34,0.6080000000000004,SAT,,0.029,
609,116,31,31.9604,0,10.0,-1,0.001,1.0,1,31.9604,34,0.6090000000000004,SAT,,0.028,
610,116,10,143.781,0,10.0,-1,0.001,1.0,1,143.781,34,0.6100000000000004,SAT,,0.029,
611,116,73,4.4488,0,10.0,-1,0.001,1.0,1,4.4488,34,0.6110000000000004,SAT,,0.029,
612,116,12,122.5456,0,10.0,-1,0.001,1.0,1,122.5456,34,0.6120000000000004,SAT,,0.029,
613,116,66,9.798,0,10.0,-1,0.001,1.0,1,9.798,34,0.6130000000000004,SAT,,0.03,
614,69,44,2.5267,0,10.0,-1,0.001,1.0,1,2.5267,34,0.6140000000000004,SAT,,0.029,
615,117,32,19.8887,0,10.0,-1,0.001,1.0,1,19.8887,34,0.6150000000000004,SAT,,0.028,
616,118,28,41.6729,0,10.0,-1,0.001,1.0,1,41.6729,35,0.6160000000000004,SAT,,0.028,
617,119,27,57.1331,0,10.0,-1,0.001,1.0,1,57.1331,35,0.6170000000000004,SAT,,0.029,
618,120,34,19.7881,0,10.0,-1,0.001,1.0,1,19.7881,35,0.6180000000000004,SAT,,0.028,
619,121,20,16.509,0,10.0,-1,0.001,1.0,1,16.509,35,0.6190000000000004,SAT,,0.028,
620,121,35,15.667,0,10.0,-1,0.001,1.0,1,15.667,35,0.6200000000000004,SAT,,0.029,
621,121,65,34.6243,0,10.0,-1,0.001,1.0,1,34.6243,35,0.6210000000000004,SAT,,0.029,
622,122,72,3.484,0,10.0,-1,0.001,1.0,1,3.484,35,0.6220000000000004,SAT,,0.029,
623,122,12,118.9748,0,10.0,-1,0.001,1.0,1,118.9748,35,0.6230000000000004,SAT,,0.028,
624,122,32,26.9543,0,10.0,-1,0.001,1.0,1,26.9543,35,0.6240000000000004,SAT,,0.029,
625,123,48,94.2944,0,10.0,-1,0.001,1.0,1,94.2944,35,0.6250000000000004,SAT,,0.029,
626,124,60,25.4292,0,10.0,-1,0.001,1.0,1,25.4292,36,0.6260000000000004,SAT,,0.028,
627,124,66,13.7858,0,10.0,-1,0.001,1.0,1,13.7858,36,0.6270000000000004,SAT,,0.028,
628,124,58,26.8619,0,10.0,-1,0.001,1.0,1,26.8619,36,0.6280000000000004,SAT,,0.029,
629,124,73,2.2445,0,10.0,-1,0.001,1.0,1,2.2445,36,0.6290000000000004,SAT,,0.029,
630,124,17,37.754,0,10.0,-1,0.001,1.0,1,37.754,36,0.6300000000000004,SAT,,0.03,
631,124,21,30.4662,0,10.0,-1,0.001,1.0,1,30.4662,36,0.6310000000000004,SAT,,0.03,
632,124,3,158.806,0,10.0,-1,0.001,1.0,1,158.806,36,0.6320000000000005,SAT,,0.029,
633,125,68,39.6225,0,10.0,-1,0.001,1.0,1,39.6225,36,0.6330000000000005,SAT,,0.029,
634,126,72,2.9255,0,10.0,-1,0.001,1.0,1,2.9255,36,0.6340000000000005,SAT,,0.028,
635,126,59,26.3112,0,10.0,-1,0.001,1.0,1,26.3112,36,0.6350000000000005,SAT,,0.03,
636,126,41,2.4987,0,10.0,-1,0.001,1.0,1,2.4987,36,0.6360000000000005,SAT,,0.029,
637,126,1,191.8406,0,10.0,-1,0.001,1.0,1,191.8406,36,0.6370000000000005,SAT,,0.029,
638,126,8,93.5474,0,10.0,-1,0.001,1.0,1,93.5474,36,0.6380000000000005,SAT,,0.029,
639,126,46,8.1469,0,10.0,-1,0.001,1.0,1,8.1469,36,0.6390000000000005,SAT,,0.029,
640,126,32,13.7024,0,10.0,-1,0.001,1.0,1,13.7024,36,0.6400000000000005,SAT,,0.029,
641,127,2,262.6101,0,10.0,-1,0.001,1.0,1,262.6101,37,0.6410000000000005,SAT,,0.029,
642,128,71,67.2273,0,10.0,-1,0.001,1.0,1,67.2273,37,0.6420000000000005,SAT,,0.03,
643,129,37,9.8729,0,10.0,-1,0.001,1.0,1,9.8729,37,0.6430000000000005,SAT,,0.029,
644,130,23,71.4589,0,10.0,-1,0.001,1.0,1,71.4589,37,0.6440000000000005,SAT,,0.03,
645,131,46,4.5755,0,10.0,-1,0.001,1.0,1,4.5755,37,0.6450000000000005,SAT,,0.028,
646,131,15,91.7505,0,10.0,-1,0.001,1.0,1,91.7505,37,0.6460000000000005,SAT,,0.028,
647,131,28,40.0617,0,10.0,-1,0.001,1.0,1,40.0617,37,0.6470000000000005,SAT,,0.03,
648,132,60,87.4436,0,10.0,-1,0.001,1.0,1,87.4436,37,0.6480000000000005,SAT,,0.028,
649,133,60,18.5105,0,10.0,-1,0.001,1.0,1,18.5105,37,0.6490000000000005,SAT,,0.029,
650,133,17,80.6711,0,10.0,-1,0.001,1.0,1,80.6711,37,0.6500000000000005,SAT,,0.03,
651,133,69,4.7354,0,10.0,-1,0.001,1.0,1,4.7354,37,0.6510000000000005,SAT,,0.029,
652,134,9,61.3873,0,10.0,-1,0.001,1.0,1,61.3873,38,0.6520000000000005,SAT,,0.029,
653,135,41,0.6458,0,10.0,-1,0.001,1.0,1,0.6458,38,0.6530000000000005,SAT,,0.028,
654,135,60,19.0662,0,10.0,-1,0.001,1.0,1,19.0662,38,0.6540000000000005,SAT,,0.029,
655,135,20,50.6588,0,10.0,-1,0.001,1.0,1,50.6588,38,0.6550000000000005,SAT,,0.029,
656,136,4,115.1836,0,10.0,-1,0.001,1.0,1,115.1836,38,0.6560000000000005,SAT,,0.029,
657,137,65,155.5337,0,10.0,-1,0.001,1.0,1,155.5337,38,0.6570000000000005,SAT,,0.029,
658,138,23,21.4867,0,10.0,-1,0.001,1.0,1,21.4867,38,0.6580000000000005,SAT,,0.029,
659,139,32,30.3063,0,10.0,-1,0.001,1.0,1,30.3063,38,0.6590000000000005,SAT,,0.029,
660,140,32,14.1527,0,10.0,-1,0.001,1.0,1,14.1527,38,0.6600000000000005,SAT,,0.028,
661,140,27,19.759,0,10.0,-1,0.001,1.0,1,19.759,38,0.6610000000000005,SAT,,0.029,
662,140,35,10.199,0,10.0,-1,0.001,1.0,1,10.199,38,0.6620000000000005,SAT,,0.028,
663,140,22,21.794,0,10.0,-1,0.001,1.0,1,21.794,38,0.6630000000000005,SAT,,0.029,
664,140,6,90.8932,0,10.0,-1,0.001,1.0,1,90.8932,38,0.6640000000000005,SAT,,0.029,
665,140,7,80.1379,0,10.0,-1,0.001,1.0,1,80.1379,38,0.6650000000000005,SAT,,0.029,
666,140,3,129.0005,0,10.0,-1,0.001,1.0,1,129.0005,38,0.6660000000000005,SAT,,0.029,
667,141,14,99.1046,0,10.0,-1,0.001,1.0,1,99.1046,39,0.6670000000000005,SAT,,0.029,
668,142,11,25.097,0,10.0,-1,0.001,1.0,1,25.097,39,0.6680000000000005,SAT,,0.029,
669,142,25,19.838,0,10.0,-1,0.001,1.0,1,19.838,39,0.6690000000000005,SAT,,0.028,
670,142,27,21.0756,0,10.0,-1,0.001,1.0,1,21.0756,39,0.6700000000000005,SAT,,0.029,
671,142,53,49.7867,0,10.0,-1,0.001,1.0,1,49.7867,39,0.6710000000000005,SAT,,0.029,
672,142,9,35.8517,0,10.0,-1,0.001,1.0,1,35.8517,39,0.6720000000000005,SAT,,0.028,
673,142,13,18.0464,0,10.0,-1,0.001,1.0,1,18.0464,39,0.6730000000000005,SAT,,0.028,
674,142,41,21.5543,0,10.0,-1,0.001,1.0,1,21.5543,39,0.6740000000000005,SAT,,0.028,
675,142,75,18.4337,0,10.0,-1,0.001,1.0,1,18.4337,39,0.6750000000000005,SAT,,0.029,
676,142,43,24.6783,0,10.0,-1,0.001,1.0,1,24.6783,39,0.6760000000000005,SAT,,0.029,
677,142,76,17.7375,0,10.0,-1,0.001,1.0,1,17.7375,39,0.6770000000000005,SAT,,0.029,
678,142,30,21.3889,0,10.0,-1,0.001,1.0,1,21.3889,39,0.6780000000000005,SAT,,0.028,
679,142,62,48.7821,0,10.0,-1,0.001,1.0,1,48.7821,39,0.6790000000000005,SAT,,0.029,
680,142,49,39.8895,0,10.0,-1,0.001,1.0,1,39.8895,39,0.6800000000000005,SAT,,0.028,
681,142,8,42.691,0,10.0,-1,0.001,1.0,1,42.691,39,0.6810000000000005,SAT,,0.029,
682,142,63,46.4789,0,10.0,-1,0.001,1.0,1,46.4789,39,0.6820000000000005,SAT,,0.028,
683,143,33,16.4155,0,10.0,-1,0.001,1.0,1,16.4155,40,0.6830000000000005,SAT,,0.029,
684,144,9,3.0914,0,10.0,-1,0.001,1.0,1,3.0914,40,0.6840000000000005,SAT,,0.029,
685,144,30,109.5466,0,10.0,-1,0.001,1.0,1,109.5466,40,0.6850000000000005,SAT,,0.03,
686,144,18,40.7274,0,10.0,-1,0.001,1.0,1,40.7274,40,0.6860000000000005,SAT,,0.029,
687,145,5,177.1081,0,10.0,-1,0.001,1.0,1,177.1081,40,0.6870000000000005,SAT,,0.029,
688,146,10,96.76,0,10.0,-1,0.001,1.0,1,96.76,40,0.6880000000000005,SAT,,0.03,
689,72,32,19.5268,0,10.0,-1,0.001,1.0,1,19.5268,40,0.6890000000000005,SAT,,0.029,
690,147,75,8.4207,0,10.0,-1,0.001,1.0,1,8.4207,40,0.6900000000000005,SAT,,0.027,
691,148,55,19.0367,0,10.0,-1,0.001,1.0,1,19.0367,40,0.6910000000000005,SAT,,0.029,
692,148,57,20.1272,0,10.0,-1,0.001,1.0,1,20.1272,40,0.6920000000000005,SAT,,0.029,
693,148,11,102.3406,0,10.0,-1,0.001,1.0,1,102.3406,40,0.6930000000000005,SAT,,0.03,
694,149,33,22.3312,0,10.0,-1,0.001,1.0,1,22.3312,41,0.6940000000000005,SAT,,0.028,
695,150,20,18.593,0,10.0,-1,0.001,1.0,1,18.593,41,0.6950000000000005,SAT,,0.028,
696,150,3,113.3736,0,10.0,-1,0.001,1.0,1,113.3736,41,0.6960000000000005,SAT,,0.029,
697,150,53,37.8278,0,10.0,-1,0.001,1.0,1,37.8278,41,0.6970000000000005,SAT,,0.029,
698,150,61,38.8185,0,10.0,-1,0.001,1.0,1,38.8185,41,0.6980000000000005,SAT,,0.03,
699,150,71,14.9011,0,10.0,-1,0.001,1.0,1,14.9011,41,0.6990000000000005,SAT,,0.028,
700,150,1,141.6096,0,10.0,-1,0.001,1.0,1,141.6096,41,0.7000000000000005,SAT,,0.028,
701,150,43,14.7977,0,10.0,-1,0.001,1.0,1,14.7977,41,0.7010000000000005,SAT,,0.03,
702,150,38,11.3886,0,10.0,-1,0.001,1.0,1,11.3886,41,0.7020000000000005,SAT,,0.029,
703,150,29,18.477,0,10.0,-1,0.001,1.0,1,18.477,41,0.7030000000000005,SAT,,0.028,
704,150,17,19.7125,0,10.0,-1,0.001,1.0,1,19.7125,41,0.7040000000000005,SAT,,0.029,
705,150,70,16.9279,0,10.0,-1,0.001,1.0,1,16.9279,41,0.7050000000000005,SAT,,0.028,
706,150,2,127.0762,0,10.0,-1,0.001,1.0,1,127.0762,41,0.7060000000000005,SAT,,0.029,
707,150,67,24.3742,0,10.0,-1,0.001,1.0,1,24.3742,41,0.7070000000000005,SAT,,0.029,
708,150,57,42.0017,0,10.0,-1,0.001,1.0,1,42.0017,41,0.7080000000000005,SAT,,0.028,
709,150,10,43.727,0,10.0,-1,0.001,1.0,1,43.727,41,0.7090000000000005,SAT,,0.029,
710,150,16,20.9444,0,10.0,-1,0.001,1.0,1,20.9444,41,0.7100000000000005,SAT,,0.03,
711,150,34,13.9235,0,10.0,-1,0.001,1.0,1,13.9235,41,0.7110000000000005,SAT,,0.029,
712,150,25,19.6497,0,10.0,-1,0.001,1.0,1,19.6497,41,0.7120000000000005,SAT,,0.029,
713,150,46,20.8121,0,10.0,-1,0.001,1.0,1,20.8121,41,0.7130000000000005,SAT,,0.029,
714,150,36,12.2588,0,10.0,-1,0.001,1.0,1,12.2588,41,0.7140000000000005,SAT,,0.028,
715,150,26,19.6295,0,10.0,-1,0.001,1.0,1,19.6295,41,0.7150000000000005,SAT,,0.029,
716,150,23,19.2865,0,10.0,-1,0.001,1.0,1,19.2865,41,0.7160000000000005,SAT,,0.029,
717,150,8,58.6826,0,10.0,-1,0.001,1.0,1,58.6826,41,0.7170000000000005,SAT,,0.029,
718,150,22,19.0044,0,10.0,-1,0.001,1.0,1,19.0044,41,0.7180000000000005,SAT,,0.028,
719,150,47,23.2723,0,10.0,-1,0.001,1.0,1,23.2723,41,0.7190000000000005,SAT,,0.029,
720,150,5,88.6266,0,10.0,-1,0.001,1.0,1,88.6266,41,0.7200000000000005,SAT,,0.029,
721,150,52,35.8198,0,10.0,-1,0.001,1.0,1,35.8198,41,0.7210000000000005,SAT,,0.028,
722,150,18,18.9772,0,10.0,-1,0.001,1.0,1,18.9772,41,0.7220000000000005,SAT,,0.029,
723,150,4,100.5436,0,10.0,-1,0.001,1.0,1,100.5436,41,0.7230000000000005,SAT,,0.03,
724,150,33,14.9065,0,10.0,-1,0.001,1.0,1,14.9065,41,0.7240000000000005,SAT,,0.028,
725,150,56,41.6231,0,10.0,-1,0.001,1.0,1,41.6231,41,0.7250000000000005,SAT,,0.028,
726,150,40,11.6986,0,10.0,-1,0.001,1.0,1,11.6986,41,0.7260000000000005,SAT,,0.029,
727,150,63,34.8034,0,10.0,-1,0.001,1.0,1,34.8034,41,0.7270000000000005,SAT,,0.029,
728,150,50,31.0685,0,10.0,-1,0.001,1.0,1,31.0685,41,0.7280000000000005,SAT,,0.03,
729,150,58,41.9009,0,10.0,-1,0.001,1.0,1,41.9009,41,0.7290000000000005,SAT,,0.029,
730,150,32,15.908,0,10.0,-1,0.001,1.0,1,15.908,41,0.7300000000000005,SAT,,0.029,
731,150,11,37.7374,0,10.0,-1,0.001,1.0,1,37.7374,41,0.7310000000000005,SAT,,0.029,
732,150,73,11.8279,0,10.0,-1,0.001,1.0,1,11.8279,41,0.7320000000000005,SAT,,0.029,
733,150,75,10.2158,0,10.0,-1,0.001,1.0,1,10.2158,41,0.7330000000000005,SAT,,0.03,
734,150,76,9.9612,0,10.0,-1,0.001,1.0,1,9.9612,41,0.7340000000000005,SAT,,0.029,
735,150,27,19.4325,0,10.0,-1,0.001,1.0,1,19.4325,41,0.7350000000000005,SAT,,0.029,
736,150,15,22.7712,0,10.0,-1,0.001,1.0,1,22.7712,41,0.7360000000000005,SAT,,0.029,
737,150,19,18.6376,0,10.0,-1,0.001,1.0,1,18.6376,41,0.7370000000000005,SAT,,0.028,
738,150,35,13.0204,0,10.0,-1,0.001,1.0,1,13.0204,41,0.7380000000000005,SAT,,0.029,
739,150,68,21.7281,0,10.0,-1,0.001,1.0,1,21.7281,41,0.7390000000000005,SAT,,0.029,
740,150,59,41.3226,0,10.0,-1,0.001,1.0,1,41.3226,41,0.7400000000000005,SAT,,0.029,
741,150,39,11.3778,0,10.0,-1,0.001,1.0,1,11.3778,41,0.7410000000000005,SAT,,0.028,
742,150,30,17.7407,0,10.0,-1,0.001,1.0,1,17.7407,41,0.7420000000000005,SAT,,0.029,
743,150,54,39.4997,0,10.0,-1,0.001,1.0,1,39.4997,41,0.7430000000000005,SAT,,0.029,
744,150,9,50.7026,0,10.0,-1,0.001,1.0,1,50.7026,41,0.7440000000000005,SAT,,0.03,
745,150,66,27.0856,0,10.0,-1,0.001,1.0,1,27.0856,41,0.7450000000000006,SAT,,0.029,
746,150,72,13.1898,0,10.0,-1,0.001,1.0,1,13.1898,41,0.7460000000000006,SAT,,0.029,
747,150,42,13.408,0,10.0,-1,0.001,1.0,1,13.408,41,0.7470000000000006,SAT,,0.03,
748,150,48,25.8531,0,10.0,-1,0.001,1.0,1,25.8531,41,0.7480000000000006,SAT,,0.029,
749,150,69,19.2232,0,10.0,-1,0.001,1.0,1,19.2232,41,0.7490000000000006,SAT,,0.03,
750,150,28,19.0471,0,10.0,-1,0.001,1.0,1,19.0471,41,0.7500000000000006,SAT,,0.029,
751,150,62,36.972,0,10.0,-1,0.001,1.0,1,36.972,41,0.7510000000000006,SAT,,0.029,
752,150,44,16.5207,0,10.0,-1,0.001,1.0,1,16.5207,41,0.7520000000000006,SAT,,0.029,
753,150,7,67.6711,0,10.0,-1,0.001,1.0,1,67.6711,41,0.7530000000000006,SAT,,0.029,
754,150,31,16.8701,0,10.0,-1,0.001,1.0,1,16.8701,41,0.7540000000000006,SAT,,0.03,
755,150,13,28.5708,0,10.0,-1,0.001,1.0,1,28.5708,41,0.7550000000000006,SAT,,0.029,
756,150,55,40.7793,0,10.0,-1,0.001,1.0,1,40.7793,41,0.7560000000000006,SAT,,0.029,
757,150,41,12.3727,0,10.0,-1,0.001,1.0,1,12.3727,41,0.7570000000000006,SAT,,0.028,
758,127,45,3.5477,0,10.0,-1,0.001,1.0,1,3.5477,42,0.7580000000000006,SAT,,0.028,
759,151,13,3.4468,0,10.0,-1,0.001,1.0,1,3.4468,42,0.7590000000000006,SAT,,0.029,
760,151,50,81.0684,0,10.0,-1,0.001,1.0,1,81.0684,42,0.7600000000000006,SAT,,0.03,
761,151,56,93.4527,0,10.0,-1,0.001,1.0,1,93.4527,42,0.7610000000000006,SAT,,0.028,
762,152,21,16.9583,0,10.0,-1,0.001,1.0,1,16.9583,42,0.7620000000000006,SAT,,0.028,
763,152,34,16.5108,0,10.0,-1,0.001,1.0,1,16.5108,42,0.7630000000000006,SAT,,0.03,
764,152,49,33.7017,0,10.0,-1,0.001,1.0,1,33.7017,42,0.7640000000000006,SAT,,0.028,
765,153,14,89.7583,0,10.0,-1,0.001,1.0,1,89.7583,42,0.7650000000000006,SAT,,0.029,
766,154,28,19.8778,0,10.0,-1,0.001,1.0,1,19.8778,42,0.7660000000000006,SAT,,0.029,
767,155,50,77.5912,0,10.0,-1,0.001,1.0,1,77.5912,42,0.7670000000000006,SAT,,0.029,
768,156,67,29.4418,0,10.0,-1,0.001,1.0,1,29.4418,42,0.7680000000000006,SAT,,0.029,
769,157,24,21.4816,0,10.0,-1,0.001,1.0,1,21.4816,43,0.7690000000000006,SAT,,0.029,
770,158,43,11.53,0,10.0,-1,0.001,1.0,1,11.53,43,0.7700000000000006,SAT,,0.028,
771,159,15,30.1791,0,10.0,-1,0.001,1.0,1,30.1791,43,0.7710000000000006,SAT,,0.028,
772,160,8,71.7546,0,10.0,-1,0.001,1.0,1,71.7546,43,0.7720000000000006,SAT,,0.029,
773,161,42,8.2685,0,10.0,-1,0.001,1.0,1,8.2685,43,0.7730000000000006,SAT,,0.028,
774,161,3,130.413,0,10.0,-1,0.001,1.0,1,130.413,43,0.7740000000000006,SAT,,0.029,
775,161,72,8.1498,0,10.0,-1,0.001,1.0,1,8.1498,43,0.7750000000000006,SAT,,0.029,
776,162,8,20.589,0,10.0,-1,0.001,1.0,1,20.589,43,0.7760000000000006,SAT,,0.028,
777,162,35,37.7205,0,10.0,-1,0.001,1.0,1,37.7205,43,0.7770000000000006,SAT,,0.029,
778,162,51,72.7891,0,10.0,-1,0.001,1.0,1,72.7891,43,0.7780000000000006,SAT,,0.028,
779,163,53,30.991,0,10.0,-1,0.001,1.0,1,30.991,43,0.7790000000000006,SAT,,0.03,
780,163,60,33.4126,0,10.0,-1,0.001,1.0,1,33.4126,43,0.7800000000000006,SAT,,0.029,
781,163,44,10.9225,0,10.0,-1,0.001,1.0,1,10.9225,43,0.7810000000000006,SAT,,0.029,
782,163,7,81.2781,0,10.0,-1,0.001,1.0,1,81.2781,43,0.7820000000000006,SAT,,0.028,
783,163,4,116.7027,0,10.0,-1,0.001,1.0,1,116.7027,43,0.7830000000000006,SAT,,0.028,
784,163,2,145.0197,0,10.0,-1,0.001,1.0,1,145.0197,43,0.7840000000000006,SAT,,0.028,
785,163,33,12.6466,0,10.0,-1,0.001,1.0,1,12.6466,43,0.7850000000000006,SAT,,0.028,
786,164,43,12.4511,0,10.0,-1,0.001,1.0,1,12.4511,44,0.7860000000000006,SAT,,0.029,
787,165,6,38.3476,0,10.0,-1,0.001,1.0,1,38.3476,44,0.7870000000000006,SAT,,0.03,
788,165,11,11.975,0,10.0,-1,0.001,1.0,1,11.975,44,0.7880000000000006,SAT,,0.03,
789,165,53,70.504,0,10.0,-1,0.001,1.0,1,70.504,44,0.7890000000000006,SAT,,0.029,
790,165,46,50.6213,0,10.0,-1,0.001,1.0,1,50.6213,44,0.7900000000000006,SAT,,0.029,
791,165,15,6.8384,0,10.0,-1,0.001,1.0,1,6.8384,44,0.7910000000000006,SAT,,0.028,
792,165,22,18.1132,0,10.0,-1,0.001,1.0,1,18.1132,44,0.7920000000000006,SAT,,0.03,
793,165,1,87.346,0,10.0,-1,0.001,1.0,1,87.346,44,0.7930000000000006,SAT,,0.029,
794,165,21,15.874,0,10.0,-1,0.001,1.0,1,15.874,44,0.7940000000000006,SAT,,0.03,
795,165,64,64.0084,0,10.0,-1,0.001,1.0,1,64.0084,44,0.7950000000000006,SAT,,0.028,
796,165,43,42.5367,0,10.0,-1,0.001,1.0,1,42.5367,44,0.7960000000000006,SAT,,0.03,
797,165,44,45.0058,0,10.0,-1,0.001,1.0,1,45.0058,44,0.7970000000000006,SAT,,0.03,
798,165,50,62.8526,0,10.0,-1,0.001,1.0,1,62.8526,44,0.7980000000000006,SAT,,0.028,
799,165,71,42.3257,0,10.0,-1,0.001,1.0,1,42.3257,44,0.7990000000000006,SAT,,0.028,
800,165,17,8.3577,0,10.0,-1,0.001,1.0,1,8.3577,44,0.8000000000000006,SAT,,0.028,
801,165,24,22.4225,0,10.0,-1,0.001,1.0,1,22.4225,44,0.8010000000000006,SAT,,0.03,
802,166,5,97.3253,0,10.0,-1,0.001,1.0,1,97.3253,45,0.8020000000000006,SAT,,0.029,
803,166,24,20.5014,0,10.0,-1,0.001,1.0,1,20.5014,45,0.8030000000000006,SAT,,0.029,
804,166,50,27.1051,0,10.0,-1,0.001,1.0,1,27.1051,45,0.8040000000000006,SAT,,0.03,
805,166,57,37.8164,0,10.0,-1,0.001,1.0,1,37.8164,45,0.8050000000000006,SAT,,0.029,
806,166,20,20.9101,0,10.0,-1,0.001,1.0,1,20.9101,45,0.8060000000000006,SAT,,0.028,
807,166,2,137.3104,0,10.0,-1,0.001,1.0,1,137.3104,45,0.8070000000000006,SAT,,0.028,
808,166,18,22.0204,0,10.0,-1,0.001,1.0,1,22.0204,45,0.8080000000000006,SAT,,0.028,
809,166,16,24.752,0,10.0,-1,0.001,1.0,1,24.752,45,0.8090000000000006,SAT,,0.029,
810,166,59,37.1604,0,10.0,-1,0.001,1.0,1,37.1604,45,0.8100000000000006,SAT,,0.027,
811,166,3,123.0864,0,10.0,-1,0.001,1.0,1,123.0864,45,0.8110000000000006,SAT,,0.029,
812,166,1,152.3749,0,10.0,-1,0.001,1.0,1,152.3749,45,0.8120000000000006,SAT,,0.029,
813,166,35,11.1169,0,10.0,-1,0.001,1.0,1,11.1169,45,0.8130000000000006,SAT,,0.029,
814,166,23,20.5867,0,10.0,-1,0.001,1.0,1,20.5867,45,0.8140000000000006,SAT,,0.029,
815,166,75,7.6208,0,10.0,-1,0.001,1.0,1,7.6208,45,0.8150000000000006,SAT,,0.028,
816,166,69,15.7524,0,10.0,-1,0.001,1.0,1,15.7524,45,0.8160000000000006,SAT,,0.028,
817,166,28,18.8443,0,10.0,-1,0.001,1.0,1,18.8443,45,0.8170000000000006,SAT,,0.03,
818,166,26,19.9991,0,10.0,-1,0.001,1.0,1,19.9991,45,0.8180000000000006,SAT,,0.029,
819,166,62,32.9164,0,10.0,-1,0.001,1.0,1,32.9164,45,0.8190000000000006,SAT,,0.028,
820,166,39,8.7137,0,10.0,-1,0.001,1.0,1,8.7137,45,0.8200000000000006,SAT,,0.028,
821,166,8,65.9321,0,10.0,-1,0.001,1.0,1,65.9321,45,0.8210000000000006,SAT,,0.03,
822,166,53,33.7117,0,10.0,-1,0.001,1.0,1,33.7117,45,0.8220000000000006,SAT,,0.03,
823,166,44,13.1219,0,10.0,-1,0.001,1.0,1,13.1219,45,0.8230000000000006,SAT,,0.028,
824,166,67,20.6883,0,10.0,-1,0.001,1.0,1,20.6883,45,0.8240000000000006,SAT,,0.029,
825,166,71,11.6838,0,10.0,-1,0.001,1.0,1,11.6838,45,0.8250000000000006,SAT,,0.029,
826,166,7,75.3941,0,10.0,-1,0.001,1.0,1,75.3941,45,0.8260000000000006,SAT,,0.029,
827,166,48,22.0394,0,10.0,-1,0.001,1.0,1,22.0394,45,0.8270000000000006,SAT,,0.029,
828,166,11,43.6242,0,10.0,-1,0.001,1.0,1,43.6242,45,0.8280000000000006,SAT,,0.029,
829,166,46,17.1866,0,10.0,-1,0.001,1.0,1,17.1866,45,0.8290000000000006,SAT,,0.03,
830,166,47,19.5479,0,10.0,-1,0.001,1.0,1,19.5479,45,0.8300000000000006,SAT,,0.029,
831,166,66,23.3066,0,10.0,-1,0.001,1.0,1,23.3066,45,0.8310000000000006,SAT,,0.028,
832,166,13,33.5971,0,10.0,-1,0.001,1.0,1,33.5971,45,0.8320000000000006,SAT,,0.028,
833,166,70,13.5791,0,10.0,-1,0.001,1.0,1,13.5791,45,0.8330000000000006,SAT,,0.029,
834,166,4,109.7445,0,10.0,-1,0.001,1.0,1,109.7445,45,0.8340000000000006,SAT,,0.028,
835,166,14,29.8958,0,10.0,-1,0.001,1.0,1,29.8958,45,0.8350000000000006,SAT,,0.029,
836,166,55,36.6093,0,10.0,-1,0.001,1.0,1,36.6093,45,0.8360000000000006,SAT,,0.03,
837,166,63,30.8025,0,10.0,-1,0.001,1.0,1,30.8025,45,0.8370000000000006,SAT,,0.029,
838,166,33,13.4408,0,10.0,-1,0.001,1.0,1,13.4408,45,0.8380000000000006,SAT,,0.029,
839,166,6,85.8652,0,10.0,-1,0.001,1.0,1,85.8652,45,0.8390000000000006,SAT,,0.029,
840,166,29,18.0025,0,10.0,-1,0.001,1.0,1,18.0025,45,0.8400000000000006,SAT,,0.029,
841,166,9,57.4883,0,10.0,-1,0.001,1.0,1,57.4883,45,0.8410000000000006,SAT,,0.028,
842,166,74,8.07,0,10.0,-1,0.001,1.0,1,8.07,45,0.8420000000000006,SAT,,0.028,
843,166,10,50.0584,0,10.0,-1,0.001,1.0,1,50.0584,45,0.8430000000000006,SAT,,0.028,
844,166,31,15.8808,0,10.0,-1,0.001,1.0,1,15.8808,45,0.8440000000000006,SAT,,0.029,
845,166,61,34.7178,0,10.0,-1,0.001,1.0,1,34.7178,45,0.8450000000000006,SAT,,0.029,
846,166,41,9.3859,0,10.0,-1,0.001,1.0,1,9.3859,45,0.8460000000000006,SAT,,0.03,
847,166,40,8.8684,0,10.0,-1,0.001,1.0,1,8.8684,45,0.8470000000000006,SAT,,0.029,
848,166,19,21.313,0,10.0,-1,0.001,1.0,1,21.313,45,0.8480000000000006,SAT,,0.029,
849,166,49,24.5852,0,10.0,-1,0.001,1.0,1,24.5852,45,0.8490000000000006,SAT,,0.029,
850,166,56,37.4406,0,10.0,-1,0.001,1.0,1,37.4406,45,0.8500000000000006,SAT,,0.029,
851,166,54,35.3518,0,10.0,-1,0.001,1.0,1,35.3518,45,0.8510000000000006,SAT,,0.028,
852,166,17,23.1331,0,10.0,-1,0.001,1.0,1,23.1331,45,0.8520000000000006,SAT,,0.03,
853,166,45,15.0247,0,10.0,-1,0.001,1.0,1,15.0247,45,0.8530000000000006,SAT,,0.029,
854,166,12,38.1529,0,10.0,-1,0.001,1.0,1,38.1529,45,0.8540000000000006,SAT,,0.03,
855,166,64,28.4449,0,10.0,-1,0.001,1.0,1,28.4449,45,0.8550000000000006,SAT,,0.028,
856,166,60,36.148,0,10.0,-1,0.001,1.0,1,36.148,45,0.8560000000000006,SAT,,0.029,
857,166,43,11.5266,0,10.0,-1,0.001,1.0,1,11.5266,45,0.8570000000000007,SAT,,0.029,
858,166,38,8.9003,0,10.0,-1,0.001,1.0,1,8.9003,45,0.8580000000000007,SAT,,0.028,
859,166,30,17.004,0,10.0,-1,0.001,1.0,1,17.004,45,0.8590000000000007,SAT,,0.029,
860,166,22,20.6339,0,10.0,-1,0.001,1.0,1,20.6339,45,0.8600000000000007,SAT,,0.03,
861,166,32,14.6758,0,10.0,-1,0.001,1.0,1,14.6758,45,0.8610000000000007,SAT,,0.03,
862,166,51,29.5181,0,10.0,-1,0.001,1.0,1,29.5181,45,0.8620000000000007,SAT,,0.029,
863,166,76,7.5458,0,10.0,-1,0.001,1.0,1,7.5458,45,0.8630000000000007,SAT,,0.03,
864,166,34,12.2341,0,10.0,-1,0.001,1.0,1,12.2341,45,0.8640000000000007,SAT,,0.028,
865,166,21,20.7142,0,10.0,-1,0.001,1.0,1,20.7142,45,0.8650000000000007,SAT,,0.029,
866,166,68,18.145,0,10.0,-1,0.001,1.0,1,18.145,45,0.8660000000000007,SAT,,0.028,
867,166,42,10.2742,0,10.0,-1,0.001,1.0,1,10.2742,45,0.8670000000000007,SAT,,0.028,
868,166,72,10.1137,0,10.0,-1,0.001,1.0,1,10.1137,45,0.8680000000000007,SAT,,0.028,
869,166,58,37.7224,0,10.0,-1,0.001,1.0,1,37.7224,45,0.8690000000000007,SAT,,0.029,
870,166,52,31.745,0,10.0,-1,0.001,1.0,1,31.745,45,0.8700000000000007,SAT,,0.028,
871,166,27,19.5111,0,10.0,-1,0.001,1.0,1,19.5111,45,0.8710000000000007,SAT,,0.029,
872,166,37,9.3941,0,10.0,-1,0.001,1.0,1,9.3941,45,0.8720000000000007,SAT,,0.029,
873,166,65,25.9194,0,10.0,-1,0.001,1.0,1,25.9194,45,0.8730000000000007,SAT,,0.03,
874,166,15,26.9755,0,10.0,-1,0.001,1.0,1,26.9755,45,0.8740000000000007,SAT,,0.028,
875,166,36,10.1507,0,10.0,-1,0.001,1.0,1,10.1507,45,0.8750000000000007,SAT,,0.029,
876,166,25,20.3199,0,10.0,-1,0.001,1.0,1,20.3199,45,0.8760000000000007,SAT,,0.029,
877,166,73,8.9026,0,10.0,-1,0.001,1.0,1,8.9026,45,0.8770000000000007,SAT,,0.029,
878,167,21,54.6693,0,10.0,-1,0.001,1.0,1,54.6693,45,0.8780000000000007,SAT,,0.029,
879,161,51,26.8656,0,10.0,-1,0.001,1.0,1,26.8656,46,0.8790000000000007,SAT,,0.028,
880,168,60,200.8425,0,10.0,-1,0.001,1.0,1,200.8425,46,0.8800000000000007,SAT,,0.028,
881,169,29,18.0567,0,10.0,-1,0.001,1.0,1,18.0567,46,0.8810000000000007,SAT,,0.029,
882,170,2,78.7207,0,10.0,-1,0.001,1.0,1,78.7207,46,0.8820000000000007,SAT,,0.03,
883,170,76,30.8222,0,10.0,-1,0.001,1.0,1,30.8222,46,0.8830000000000007,SAT,,0.027,
884,170,40,34.8299,0,10.0,-1,0.001,1.0,1,34.8299,46,0.8840000000000007,SAT,,0.028,
885,170,74,33.6087,0,10.0,-1,0.001,1.0,1,33.6087,46,0.8850000000000007,SAT,,0.028,
886,170,17,8.6401,0,10.0,-1,0.001,1.0,1,8.6401,46,0.8860000000000007,SAT,,0.03,
887,170,36,31.4384,0,10.0,-1,0.001,1.0,1,31.4384,46,0.8870000000000007,SAT,,0.03,
888,170,68,48.9791,0,10.0,-1,0.001,1.0,1,48.9791,46,0.8880000000000007,SAT,,0.029,
889,171,23,20.3108,0,10.0,-1,0.001,1.0,1,20.3108,46,0.8890000000000007,SAT,,0.029,
890,171,7,73.9171,0,10.0,-1,0.001,1.0,1,73.9171,46,0.8900000000000007,SAT,,0.03,
891,171,69,16.3686,0,10.0,-1,0.001,1.0,1,16.3686,46,0.8910000000000007,SAT,,0.028,
892,171,60,36.8886,0,10.0,-1,0.001,1.0,1,36.8886,46,0.8920000000000007,SAT,,0.029,
893,171,4,107.9911,0,10.0,-1,0.001,1.0,1,107.9911,46,0.8930000000000007,SAT,,0.029,
894,171,11,42.4905,0,10.0,-1,0.001,1.0,1,42.4905,46,0.8940000000000007,SAT,,0.029,
895,171,52,32.4742,0,10.0,-1,0.001,1.0,1,32.4742,46,0.8950000000000007,SAT,,0.029,
896,171,45,15.6495,0,10.0,-1,0.001,1.0,1,15.6495,46,0.8960000000000007,SAT,,0.029,
897,171,32,14.8734,0,10.0,-1,0.001,1.0,1,14.8734,46,0.8970000000000007,SAT,,0.029,
898,171,29,18.0584,0,10.0,-1,0.001,1.0,1,18.0584,46,0.8980000000000007,SAT,,0.03,
899,171,73,9.4168,0,10.0,-1,0.001,1.0,1,9.4168,46,0.8990000000000007,SAT,,0.03,
900,171,8,64.5436,0,10.0,-1,0.001,1.0,1,64.5436,46,0.9000000000000007,SAT,,0.028,
901,171,18,21.4185,0,10.0,-1,0.001,1.0,1,21.4185,46,0.9010000000000007,SAT,,0.029,
902,171,13,32.6243,0,10.0,-1,0.001,1.0,1,32.6243,46,0.9020000000000007,SAT,,0.03,
903,171,56,38.1899,0,10.0,-1,0.001,1.0,1,38.1899,46,0.9030000000000007,SAT,,0.03,
904,171,47,20.2116,0,10.0,-1,0.001,1.0,1,20.2116,46,0.9040000000000007,SAT,,0.028,
905,171,61,35.4518,0,10.0,-1,0.001,1.0,1,35.4518,46,0.9050000000000007,SAT,,0.029,
906,171,72,10.6561,0,10.0,-1,0.001,1.0,1,10.6561,46,0.9060000000000007,SAT,,0.028,
907,171,65,26.6089,0,10.0,-1,0.001,1.0,1,26.6089,46,0.9070000000000007,SAT,,0.028,
908,171,57,38.5662,0,10.0,-1,0.001,1.0,1,38.5662,46,0.9080000000000007,SAT,,0.03,
909,171,31,16.033,0,10.0,-1,0.001,1.0,1,16.033,46,0.9090000000000007,SAT,,0.028,
910,171,48,22.7198,0,10.0,-1,0.001,1.0,1,22.7198,46,0.9100000000000007,SAT,,0.029,
911,171,58,38.4709,0,10.0,-1,0.001,1.0,1,38.4709,46,0.9110000000000007,SAT,,0.028,
912,171,55,37.3563,0,10.0,-1,0.001,1.0,1,37.3563,46,0.9120000000000007,SAT,,0.029,
913,171,59,37.9059,0,10.0,-1,0.001,1.0,1,37.9059,46,0.9130000000000007,SAT,,0.029,
914,171,26,19.8971,0,10.0,-1,0.001,1.0,1,19.8971,46,0.9140000000000007,SAT,,0.029,
915,171,3,121.2373,0,10.0,-1,0.001,1.0,1,121.2373,46,0.9150000000000007,SAT,,0.029,
916,171,21,20.3133,0,10.0,-1,0.001,1.0,1,20.3133,46,0.9160000000000007,SAT,,0.03,
917,171,53,34.4486,0,10.0,-1,0.001,1.0,1,34.4486,46,0.9170000000000007,SAT,,0.029,
918,171,27,19.4636,0,10.0,-1,0.001,1.0,1,19.4636,46,0.9180000000000007,SAT,,0.029,
919,171,43,12.1055,0,10.0,-1,0.001,1.0,1,12.1055,46,0.9190000000000007,SAT,,0.029,
920,90,53,17.6457,0,10.0,-1,0.001,1.0,1,17.6457,47,0.9200000000000007,SAT,,0.028,
921,172,21,15.7342,0,10.0,-1,0.001,1.0,1,15.7342,47,0.9210000000000007,SAT,,0.029,
922,172,28,21.3966,0,10.0,-1,0.001,1.0,1,21.3966,47,0.9220000000000007,SAT,,0.029,
923,172,47,34.3163,0,10.0,-1,0.001,1.0,1,34.3163,47,0.9230000000000007,SAT,,0.029,
924,173,13,75.6255,0,10.0,-1,0.001,1.0,1,75.6255,47,0.9240000000000007,SAT,,0.029,
925,174,67,20.936,0,10.0,-1,0.001,1.0,1,20.936,47,0.9250000000000007,SAT,,0.028,
926,47,41,0.495,0,10.0,-1,0.001,1.0,1,0.495,47,0.9260000000000007,SAT,,0.028,
927,175,28,27.9562,0,10.0,-1,0.001,1.0,1,27.9562,47,0.9270000000000007,SAT,,0.029,
928,176,23,38.9202,0,10.0,-1,0.001,1.0,1,38.9202,47,0.9280000000000007,SAT,,0.029,
929,177,34,27.2458,0,10.0,-1,0.001,1.0,1,27.2458,47,0.9290000000000007,SAT,,0.029,
930,178,68,15.528,0,10.0,-1,0.001,1.0,1,15.528,47,0.9300000000000007,SAT,,0.029,
931,178,60,33.0772,0,10.0,-1,0.001,1.0,1,33.0772,47,0.9310000000000007,SAT,,0.029,
932,178,38,7.1813,0,10.0,-1,0.001,1.0,1,7.1813,47,0.9320000000000007,SAT,,0.028,
933,178,41,7.2582,0,10.0,-1,0.001,1.0,1,7.2582,47,0.9330000000000007,SAT,,0.029,
934,178,57,34.7055,0,10.0,-1,0.001,1.0,1,34.7055,47,0.9340000000000007,SAT,,0.029,
935,178,21,22.6514,0,10.0,-1,0.001,1.0,1,22.6514,47,0.9350000000000007,SAT,,0.029,
936,178,3,131.3762,0,10.0,-1,0.001,1.0,1,131.3762,47,0.9360000000000007,SAT,,0.029,
937,178,25,21.192,0,10.0,-1,0.001,1.0,1,21.192,47,0.9370000000000007,SAT,,0.028,
938,178,7,82.0516,0,10.0,-1,0.001,1.0,1,82.0516,47,0.9380000000000007,SAT,,0.028,
939,178,67,17.9871,0,10.0,-1,0.001,1.0,1,17.9871,47,0.9390000000000007,SAT,,0.028,
940,178,65,23.0732,0,10.0,-1,0.001,1.0,1,23.0732,47,0.9400000000000007,SAT,,0.03,
941,178,4,117.6144,0,10.0,-1,0.001,1.0,1,117.6144,47,0.9410000000000007,SAT,,0.028,
942,178,53,30.6575,0,10.0,-1,0.001,1.0,1,30.6575,47,0.9420000000000007,SAT,,0.029,
943,178,33,12.5609,0,10.0,-1,0.001,1.0,1,12.5609,47,0.9430000000000007,SAT,,0.028,
944,178,19,23.83,0,10.0,-1,0.001,1.0,1,23.83,47,0.9440000000000007,SAT,,0.028,
945,179,34,12.7927,0,10.0,-1,0.001,1.0,1,12.7927,48,0.9450000000000007,SAT,,0.029,
946,180,53,30.9899,0,10.0,-1,0.001,1.0,1,30.9899,48,0.9460000000000007,SAT,,0.029,
947,180,58,34.9552,0,10.0,-1,0.001,1.0,1,34.9552,48,0.9470000000000007,SAT,,0.054,
948,180,72,8.1482,0,10.0,-1,0.001,1.0,1,8.1482,48,0.9480000000000007,SAT,,0.029,
949,180,61,32.0072,0,10.0,-1,0.001,1.0,1,32.0072,48,0.9490000000000007,SAT,,0.028,
950,180,60,33.4115,0,10.0,-1,0.001,1.0,1,33.4115,48,0.9500000000000007,SAT,,0.027,
951,180,63,28.1646,0,10.0,-1,0.001,1.0,1,28.1646,48,0.9510000000000007,SAT,,0.028,
952,180,34,11.2769,0,10.0,-1,0.001,1.0,1,11.2769,48,0.9520000000000007,SAT,,0.028,
953,180,69,13.4999,0,10.0,-1,0.001,1.0,1,13.4999,48,0.9530000000000007,SAT,,0.03,
954,180,7,81.2805,0,10.0,-1,0.001,1.0,1,81.2805,48,0.9540000000000007,SAT,,0.028,
955,180,54,32.607,0,10.0,-1,0.001,1.0,1,32.607,48,0.9550000000000007,SAT,,0.03,
956,180,41,7.4853,0,10.0,-1,0.001,1.0,1,7.4853,48,0.9560000000000007,SAT,,0.029,
957,180,15,30.3034,0,10.0,-1,0.001,1.0,1,30.3034,48,0.9570000000000007,SAT,,0.029,
958,180,6,92.1029,0,10.0,-1,0.001,1.0,1,92.1029,48,0.9580000000000007,SAT,,0.028,
959,180,27,19.8394,0,10.0,-1,0.001,1.0,1,19.8394,48,0.9590000000000007,SAT,,0.028,
960,180,73,7.0467,0,10.0,-1,0.001,1.0,1,7.0467,48,0.9600000000000007,SAT,,0.029,
961,180,35,10.0039,0,10.0,-1,0.001,1.0,1,10.0039,48,0.9610000000000007,SAT,,0.029,
962,180,23,21.8031,0,10.0,-1,0.001,1.0,1,21.8031,48,0.9620000000000007,SAT,,0.028,
963,180,46,14.8217,0,10.0,-1,0.001,1.0,1,14.8217,48,0.9630000000000007,SAT,,0.028,
964,180,25,21.0783,0,10.0,-1,0.001,1.0,1,21.0783,48,0.9640000000000007,SAT,,0.029,
965,180,71,9.6156,0,10.0,-1,0.001,1.0,1,9.6156,48,0.9650000000000007,SAT,,0.028,
966,180,8,71.4743,0,10.0,-1,0.001,1.0,1,71.4743,48,0.9660000000000007,SAT,,0.029,
967,180,59,34.4051,0,10.0,-1,0.001,1.0,1,34.4051,48,0.9670000000000007,SAT,,0.028,
968,180,21,22.4166,0,10.0,-1,0.001,1.0,1,22.4166,48,0.9680000000000007,SAT,,0.029,
969,180,14,33.5191,0,10.0,-1,0.001,1.0,1,33.5191,48,0.9690000000000007,SAT,,0.028,
970,180,11,48.1755,0,10.0,-1,0.001,1.0,1,48.1755,48,0.9700000000000008,SAT,,0.029,
971,180,39,7.0477,0,10.0,-1,0.001,1.0,1,7.0477,48,0.9710000000000008,SAT,,0.029,
972,180,56,34.6707,0,10.0,-1,0.001,1.0,1,34.6707,48,0.9720000000000008,SAT,,0.029,
973,180,40,7.0816,0,10.0,-1,0.001,1.0,1,7.0816,48,0.9730000000000008,SAT,,0.029,
974,180,17,25.8912,0,10.0,-1,0.001,1.0,1,25.8912,48,0.9740000000000008,SAT,,0.029,
975,180,52,29.0532,0,10.0,-1,0.001,1.0,1,29.0532,48,0.9750000000000008,SAT,,0.029,
976,180,45,12.7386,0,10.0,-1,0.001,1.0,1,12.7386,48,0.9760000000000008,SAT,,0.028,
977,180,47,17.1111,0,10.0,-1,0.001,1.0,1,17.1111,48,0.9770000000000008,SAT,,0.028,
978,180,29,17.9285,0,10.0,-1,0.001,1.0,1,17.9285,48,0.9780000000000008,SAT,,0.03,
979,180,33,12.6463,0,10.0,-1,0.001,1.0,1,12.6463,48,0.9790000000000008,SAT,,0.029,
980,180,76,6.0607,0,10.0,-1,0.001,1.0,1,6.0607,48,0.9800000000000008,SAT,,0.028,
981,180,30,16.7394,0,10.0,-1,0.001,1.0,1,16.7394,48,0.9810000000000008,SAT,,0.028,
982,180,67,18.2794,0,10.0,-1,0.001,1.0,1,18.2794,48,0.9820000000000008,SAT,,0.029,
983,180,10,54.933,0,10.0,-1,0.001,1.0,1,54.933,48,0.9830000000000008,SAT,,0.028,
984,180,26,20.5389,0,10.0,-1,0.001,1.0,1,20.5389,48,0.9840000000000008,SAT,,0.028,
985,180,57,35.0443,0,10.0,-1,0.001,1.0,1,35.0443,48,0.9850000000000008,SAT,,0.028,
986,180,19,23.5293,0,10.0,-1,0.001,1.0,1,23.5293,48,0.9860000000000008,SAT,,0.029,
987,180,9,62.6932,0,10.0,-1,0.001,1.0,1,62.6932,48,0.9870000000000008,SAT,,0.029,
988,180,28,18.968,0,10.0,-1,0.001,1.0,1,18.968,48,0.9880000000000008,SAT,,0.029,
989,180,36,8.889,0,10.0,-1,0.001,1.0,1,8.889,48,0.9890000000000008,SAT,,0.028,
990,180,32,14.0509,0,10.0,-1,0.001,1.0,1,14.0509,48,0.9900000000000008,SAT,,0.029,
991,180,38,7.362,0,10.0,-1,0.001,1.0,1,7.362,48,0.9910000000000008,SAT,,0.029,
992,180,43,9.4193,0,10.0,-1,0.001,1.0,1,9.4193,48,0.9920000000000008,SAT,,0.029,
993,180,3,130.4196,0,10.0,-1,0.001,1.0,1,130.4196,48,0.9930000000000008,SAT,,0.028,
994,180,49,22.0254,0,10.0,-1,0.001,1.0,1,22.0254,48,0.9940000000000008,SAT,,0.029,
995,180,16,27.7916,0,10.0,-1,0.001,1.0,1,27.7916,48,0.9950000000000008,SAT,,0.029,
996,180,13,37.5228,0,10.0,-1,0.001,1.0,1,37.5228,48,0.9960000000000008,SAT,,0.028,
997,180,74,6.3307,0,10.0,-1,0.001,1.0,1,6.3307,48,0.9970000000000008,SAT,,0.029,
998,180,12,42.3879,0,10.0,-1,0.001,1.0,1,42.3879,48,0.9980000000000008,SAT,,0.029,
999,180,5,103.9211,0,10.0,-1,0.001,1.0,1,103.9211,48,0.9990000000000008,SAT,,0.028,
1000,180,22,22.0899,0,10.0,-1,0.001,1.0,1,22.0899,48,1.0000000000000007,SAT,,0.029,
